geneNcbiID,diseaseUMLSCUI
130162,C0231712
130340,C0343055
130340,C0033860
130340,C0030246
130340,C4015235
130340,C0392439
130399,C0149782
130540,C1458155
130540,C0003165
130557,C3150879
130557,C0035334
130557,C0154860
130557,C0854723
130589,C5394377
130589,C0016952
130589,C0036341
130749,C0009402
130814,C0023903
130872,C0006142
130951,C5436823
130951,C4021107
130951,C4477100
130951,C3279550
131096,C0751779
131118,C1857776
131118,C3696376
131177,C0036341
131377,C3809209
131377,C5680451
131405,C0020256
131405,C0020255
131405,C5231454
131405,C4021107
131405,C5679774
131405,C3279550
131408,C0006142
131566,C0038356
131566,C0032460
131669,C0268514
131669,C0004134
131669,C2239176
131669,C0025362
131890,C0278883
131965,C1458155
132001,C5774261
132001,C0221629
132001,C0424503
132001,C2267233
132001,C1865916
132001,C0011168
132001,C1145670
132001,C4317146
132001,C1837407
132112,C0006142
132158,C0342765
132158,C1291386
132204,C0241240
132204,C0026827
132204,C3714756
132320,C0752166
132320,C0004106
132320,C0028738
132320,C0557874
132320,C0796102
132320,C0342418
132320,C0040588
132320,C0242567
132320,C0020490
132332,C0011860
132671,C1458155
132671,C0033578
132671,C0376358
132789,C0028754
132789,C0005910
132884,C0013903
132884,C0457013
132884,C0432198
132884,C0024507
132884,C0009402
132884,C1865092
132884,C0265275
132884,C0265215
133383,C0014474
133396,C0268397
133396,C3151404
133396,C0270611
133396,C4551501
133396,C1304242
133418,C0162820
133522,C0028754
133522,C1458155
133522,C0002736
133522,C0020473
133522,C0020476
133584,C0271183
133686,C1857252
134218,C2986691
134218,C0272170
134218,C0030312
134218,C4310744
134218,C0023467
134218,C0349588
134218,C0221217
134218,C0878638
134218,C0006142
134218,C0338656
134218,C4692625
134218,C2051831
134359,C0035334
134359,C0036439
134359,C5680332
134391,C0270736
134430,C0339573
134430,C0017601
134430,C0017612
134430,C0004096
134430,C1835933
134430,C0271183
134510,C1458155
134701,C4225279
134701,C0265343
134701,C1859209
134701,C1837549
134728,C0036341
134728,C1535926
134728,C0004352
134728,C5680525
134728,C1527336
134728,C0086981
134728,C4693860
134829,C0036341
134864,C0036341
135112,C0033578
135138,C0752105
135138,C1868675
135138,C4275179
135152,C0036341
135152,C0004763
135152,C1510586
135228,C1458155
135228,C0009402
135228,C0009404
135228,C0271183
135458,C5543332
135644,C0162823
135656,C0878555
135932,C0027626
135935,C0085215
135935,C0025322
135935,C1969060
135935,C0346153
135935,C5816691
136259,C0011860
136259,C0021655
136259,C0242339
136319,C4277682
136371,C0339573
136371,C1863926
136647,C1955934
136647,C1313961
136647,C1866504
136647,C0006142
136991,C0033578
137196,C0017638
137196,C0555198
137196,C0750974
137196,C0750979
137196,C0006118
137196,C0220624
137196,C2751638
137196,C1334557
137196,C0153633
137209,C0009402
137392,C3887487
137392,C0039075
137392,C4277690
137392,C4282400
137392,C4748721
137492,C3539494
137492,C0037773
137492,C1719404
137682,C4748786
137682,C0023264
137682,C1857395
137682,C5394473
137682,C1836830
137735,C0007193
137814,C0018818
137814,C0041207
137814,C0152021
137814,C0039685
137814,C1857586
137814,C3468561
137814,C1969099
137814,C3151464
137814,C3809312
137814,C1843687
137814,C1837812
137814,C1862394
137814,C2677294
137814,C2751607
137814,C1837014
137814,C2677106
137814,C3151431
137814,C3809311
137814,C3279695
137814,C4014269
137814,C3279693
137814,C0007789
137835,C0018801
137835,C0018802
137868,C0029574
137868,C0037274
137868,C0037277
137868,C0154536
137872,C0006142
138046,C1458155
138050,C0086649
138050,C0026706
138050,C4225287
138050,C0035334
138050,C0154860
138050,C3714756
138050,C0036572
138050,C0554601
138050,C0854723
138474,C1621958
138474,C0152013
138474,C0149925
138883,C0006142
138948,C4746777
138948,C0018784
139189,C0848558
139212,C4551720
139212,C4478372
139212,C0008780
139285,C0432268
139285,C0027708
139285,C1333015
139285,C0009404
139285,C2981150
139285,C0346629
139285,C2243051
139285,C1332219
139285,C0009952
139285,C0027059
139285,C3278923
139411,C3714756
139411,C1510586
139411,C1535926
139411,C0004352
139411,C3501611
139411,C0025362
139411,C0008073
139411,C5680527
139411,C0795888
139411,C4021085
139420,C2239176
139628,C4551905
139628,C0206727
139818,C5829577
140032,C1839071
140453,C0376358
140465,C0022548
140609,C1335177
140609,C0043094
140625,C0022548
140628,C0018818
140628,C0039685
140628,C0149630
140628,C0004238
140628,C0020538
140628,C0009404
140628,C0155626
140628,C4693563
140628,C0007193
140628,C3887892
140628,C4749284
140628,C3468561
140628,C3279693
140628,C3151431
140628,C1837014
140628,C1969099
140628,C2751607
140628,C4014269
140628,C4476982
140628,C3279695
140628,C2677294
140628,C1862394
140628,C4476978
140628,C2677106
140628,C3151464
140628,C1843687
140628,C1837812
140628,C3809311
140628,C3809312
140628,C4476977
140628,C4707243
140628,C0002949
140679,C3502809
140679,C3714756
140679,C0036572
140679,C4012968
140679,C0234533
140679,C0393706
140679,C0028754
140683,C0236969
140685,C0008707
140691,C0344315
140691,C5391534
140732,C4310674
140733,C0004352
140733,C1510586
140733,C0036341
140733,C2930619
140733,C0271183
140733,C3808986
140733,C0236969
140733,C0023903
140733,C0002453
140738,C0007097
140738,C1368683
140738,C0553707
140766,C0751964
140766,C0751967
140766,C0157946
140766,C4540040
140767,C0005684
140767,C0005695
140775,C1535926
140801,C5562055
140801,C5681165
140801,C4477100
140801,C0376358
140801,C4310617
140803,C1865974
140803,C0151723
140803,C0025534
140803,C0012716
140803,C4551714
140803,C0152013
140803,C4316870
140803,C0345958
140876,C0376358
140902,C0036341
140902,C0086132
140947,C1269683
140947,C0011581
140947,C0041696
142678,C1960469
142680,C1853271
142680,C0020438
142680,C2676786
142685,C0007134
143098,C0236969
143162,C0009402
143187,C0009404
143187,C0001418
143187,C0677776
143379,C0236969
143384,C0009404
143384,C0333068
143425,C0009402
143458,C0236969
143503,C0236969
143662,C0013421
143686,C0033578
143689,C0028960
143941,C2239176
144100,C0017605
144100,C0810364
144132,C5562067
144132,C0270736
144132,C0403812
144132,C5681165
144132,C0557874
144132,C0007134
144165,C0014544
144165,C0751778
144165,C2676254
144165,C0036572
144165,C3714756
144165,C5779613
144165,C0270834
144165,C0751111
144165,C1276035
144165,C0376532
144165,C0086237
144165,C0751785
144165,C0236018
144245,C3150943
144404,C1850321
144406,C4748395
144406,C0403811
144406,C4082176
144406,C4706677
144453,C0004238
144455,C0007131
144568,C0028326
144568,C0029882
144568,C4551602
144568,C1833692
144577,C0032460
144608,C5543189
144608,C2939175
144608,C3553270
144715,C0027794
144717,C0005586
144717,C1839839
144717,C0009404
144811,C3495559
144811,C0087031
144811,C0157917
144811,C0409667
144811,C0157916
144811,C0157918
145173,C0796012
145226,C2675186
145226,C0854723
145226,C0339527
145226,C0035304
145226,C0035334
145226,C0730292
145226,C4085590
145226,C4551714
145226,C0917796
145226,C0220701
145226,C3150208
145226,C0271093
145226,C4316870
145258,C1865361
145258,C0376634
145258,C4751574
145264,C4273986
145264,C1855644
145270,C0026850
145270,C0041696
145270,C4313718
145270,C0009402
145270,C1269683
145282,C0152427
145282,C0220697
145447,C0006142
145508,C1846135
145508,C0424605
145508,C1863959
145508,C0014544
145508,C1836706
145508,C3493776
145553,C0376358
145741,C0011860
145741,C0034194
145741,C0014850
145781,C0007193
145873,C0265343
145873,C1837549
145942,C0376358
146057,C1858351
146057,C0087012
146057,C4087347
146057,C0149925
146059,C0002876
146059,C0271933
146059,C5574667
146167,C3807873
146167,C5190596
146167,C2673946
146167,C0339527
146167,C4017389
146167,C1836603
146177,C0005695
146177,C0005684
146183,C3711374
146183,C1384666
146183,C1846896
146183,C0271097
146183,C0452138
146183,C5779549
146183,C1832978
146183,C1846647
146183,C0036341
146183,C5680250
146206,C4748304
146206,C2711630
146206,C5568557
146206,C0267375
146225,C0157917
146225,C0157916
146225,C0157918
146225,C0409667
146227,C1861736
146279,C0036341
146433,C0032460
146664,C0032460
146713,C0376532
146713,C0270850
146754,C5436791
146754,C2677180
146845,C0037221
146845,C5562072
146845,C4551493
146845,C1853444
146845,C3151057
146845,C3178805
146845,C3553676
146845,C1844020
146845,C1415817
146845,C3489733
146862,C4225389
146862,C5543038
146862,C0009691
146862,C0026848
146862,C0522224
146862,C1449563
146862,C5681190
146862,C0006142
146862,C0018799
146862,C0376634
146862,C5681644
146909,C2239176
146909,C0025202
146923,C0376358
147007,C4225190
147111,C1510586
147138,C0014522
147138,C4722258
147138,C4722564
147183,C4225214
147183,C0343073
147183,C3279470
147184,C1302848
147184,C0079153
147184,C1843463
147184,C1333414
147184,C3665704
147372,C0340834
147372,C4012050
147372,C0020305
147372,C2239176
147372,C0025362
147372,C0282631
147372,C5436235
147381,C0020542
147409,C0020678
147409,C0546966
147409,C1842839
147409,C1854310
147463,C0006142
147495,C1854310
147495,C4551976
147495,C0028754
147657,C0009402
147685,C0236969
147700,C0268138
147700,C0043346
147741,C0376358
147741,C0009402
147746,C0376358
147872,C0004509
147872,C0085215
147872,C3553794
147872,C5816691
147906,C3714756
147906,C0032460
147906,C0747251
147912,C0265234
147912,C1970479
147923,C1527349
147929,C0036341
147965,C0036069
147965,C1510586
148003,C1510586
148014,C0221074
148022,C0276226
148022,C0032273
148022,C3553869
148022,C0006111
148022,C0035126
148022,C0035235
148022,C0085584
148022,C0006142
148266,C0006142
148266,C0009404
148281,C1527349
148327,C0033578
148327,C0027643
148398,C0035334
148398,C4021547
148738,C0268060
148738,C0018995
148738,C1865614
148738,C3469186
148738,C5816744
148738,C0008370
148753,C0014175
148789,C3554638
148789,C2936406
148789,C0265221
148789,C0006142
148789,C0457133
148789,C4551563
148789,C1836373
148789,C4284790
148789,C0410174
148789,C1855648
148789,C1855840
148789,C5680181
148789,C4310667
148867,C0156312
148867,C0014859
148867,C4551568
149041,C5436563
149111,C0036341
149111,C0014175
149233,C0009324
149233,C0038013
149233,C0033860
149233,C0021390
149233,C0003873
149233,C0004943
149233,C0003864
149233,C0036202
149233,C0018213
149233,C0036421
149233,C0339143
149233,C0042164
149233,C0026769
149233,C0023343
149233,C0007570
149233,C0020542
149233,C0375359
149233,C0156147
149233,C1854124
149233,C0035455
149233,C0376323
149233,C0029445
149233,C2677091
149233,C1563709
149233,C0027543
149233,C0003977
149233,C4017658
149233,C0745048
149233,C0158451
149233,C4017090
149233,C0158442
149233,C0158449
149233,C0158450
149371,C5436747
149371,C0431399
149420,C0036341
149461,C0027709
149461,C0392525
149461,C2931121
149461,C4721891
149461,C1855466
149465,C0008780
149465,C1847604
149483,C1319315
149563,C0006142
149628,C0376358
149775,C1864100
149775,C3494506
149998,C5444012
149998,C0020480
150084,C0033578
150094,C4225360
150094,C0557874
150094,C0036572
150094,C0037769
150094,C0393706
150094,C1621958
150094,C0270855
150094,C0278883
150094,C0157918
150094,C0409667
150094,C0023015
150094,C0007193
150094,C0157916
150094,C0157917
150159,C0004238
150159,C1858028
150159,C0271097
150274,C0002896
150274,C5561985
150356,C0029410
150365,C0020217
150365,C0678213
150365,C5193093
150365,C0278796
150365,C1135868
150468,C0795940
150468,C2239176
150468,C3714756
150468,C0020619
150483,C0006142
150684,C0023890
150684,C1876165
150684,C0020517
150684,C0019189
150771,C0376358
150946,C3711645
150946,C1833202
150946,C1969443
150962,C3554000
150962,C0009402
150962,C3554001
150962,C4721541
151056,C0003873
151056,C0376358
151246,C0685838
151246,C0085215
151254,C5676949
151254,C3553794
151254,C0376358
151254,C5679591
151254,C0009402
151295,C0036341
151306,C0009806
151306,C0156147
151354,C0032460
151507,C0022336
151516,C0432304
151516,C0079154
151516,C0376358
151531,C1510586
151556,C0004352
151556,C0019209
151613,C0008780
151613,C3151136
151636,C0006142
151647,C1458155
151648,C4015474
151648,C0003811
151648,C0021831
151648,C0236811
151742,C0028754
151790,C0376358
151790,C0009402
151827,C0431399
151871,C0085215
151887,C0011615
151887,C4277682
151903,C0272302
152002,C0004238
152110,C5394063
152110,C4551720
152110,C1335167
152110,C0278883
152137,C4721414
152137,C1843895
152137,C0452138
152137,C0751958
152137,C3711374
152137,C5779548
152273,C1458155
152273,C0038356
152330,C0004352
152330,C1510586
152330,C0005586
152330,C0001973
152330,C0220641
152330,C0009402
152330,C0008073
152330,C0018273
152330,C0376634
152485,C1510586
152518,C0008370
152518,C4277682
152579,C0004352
152789,C0004352
152789,C0009402
152789,C3714756
152816,C0002452
152816,C3553830
152816,C0028878
152816,C2981132
152816,C0011436
152816,C0011430
152816,C0868847
152816,C0399372
152831,C0400966
152831,C0002453
152831,C5542298
152831,C3241937
152831,C0028850
152926,C0024776
152926,C3554575
152926,C0018801
152926,C1621920
152926,C0018802
153020,C0157918
153020,C0157917
153020,C0409667
153020,C0157916
153090,C0162871
153090,C0033578
153090,C0376358
153090,C0024623
153090,C0010068
153090,C0038356
153090,C0024121
153090,C0027051
153090,C0010054
153090,C0034065
153090,C0151744
153090,C1704436
153090,C0153421
153090,C0153422
153090,C0153423
153090,C0264694
153090,C0022578
153090,C0153491
153090,C0153493
153090,C0024624
153090,C0153492
153090,C0003838
153090,C0031115
153129,C0085078
153129,C0023903
153201,C0268654
153201,C0543541
153241,C0265275
153241,C0431399
153241,C4225378
153241,C4540355
153241,C0432195
153241,C2910340
153241,C4274118
153443,C0241868
153443,C0345050
153443,C4284414
153443,C1836651
153443,C0032227
153443,C4024853
153443,C4707243
153443,C4021784
153443,C0009782
153443,C0010495
153443,C0424503
153443,C0034067
153478,C1535926
153478,C0376358
153562,C1857811
153562,C3711374
153562,C0011053
153562,C1384666
153562,C0452138
153562,C5680250
153562,C1846647
153562,C0266589
153562,C5779549
153572,C0334488
153572,C0024115
153642,C0026703
153642,C5562064
153642,C1510586
154141,C0008370
154197,C5561988
154197,C5681165
154197,C4021107
154197,C0028960
154214,C1868685
154215,C0001973
154288,C0020217
154288,C0678213
154288,C0334529
154288,C1135868
154288,C3280352
154288,C0278796
154664,C0036341
154664,C0005586
154664,C0009404
154664,C0278701
154791,C0030569
154796,C0006118
154807,C0376358
154810,C0017638
154810,C0158646
154810,C0020534
154810,C0857379
154810,C0555198
154810,C0027626
154810,C0345222
154810,C1858091
154810,C0080218
154810,C0345221
154822,C0009404
154822,C0346629
154860,C4017302
154860,C4014988
154865,C0009402
154881,C0751778
154881,C2673257
154881,C0027877
154881,C0543888
154881,C4017260
155006,C1864498
155382,C0175702
157313,C2239176
157313,C0027070
157506,C0376634
157570,C0392475
157570,C0796099
157570,C0152013
157570,C0022665
157570,C1335060
157570,C0677776
157657,C0035334
157657,C4085590
157657,C0752166
157657,C3281045
157657,C0854723
157657,C4319932
157657,C0339526
157657,C0220701
157657,C3281046
157680,C0265223
157680,C3714756
157680,C0557874
157680,C0854723
157680,C0035334
157680,C0036341
157680,C0006142
157680,C0271183
157680,C0027092
157680,C0026827
157680,C0349588
157680,C4551563
157680,C0853697
157680,C2937365
157680,C1839364
157680,C1848673
157680,C0575802
157680,C1263846
157680,C0086437
157680,C0497552
157680,C4022758
157680,C4053775
157680,C1836308
157680,C4021085
157680,C0231686
157680,C0554970
157680,C0011334
157680,C3809706
157680,C4316870
157697,C0009402
157855,C5774290
157855,C3553794
157855,C0011860
157869,C0019209
157922,C0157917
157922,C0409667
157922,C5830407
157922,C0157916
157922,C0157918
158038,C0025160
158038,C0154536
158038,C0023903
158056,C0006142
158293,C1845847
158293,C2051831
158293,C0010495
158293,C4317146
158293,C0746102
158293,C0026827
158293,C0036439
158326,C2750433
158326,C1855425
158326,C0265535
158326,C0221363
158326,C0019284
158326,C0235833
158326,C3280974
158326,C0010278
158326,C0266294
158326,C4551563
158326,C1619700
158326,C0015393
158326,C1968949
158326,C1561643
158401,C4021107
158401,C5677014
158401,C5681165
158401,C3553794
158584,C0856975
158584,C3714756
158866,C1847024
158866,C0023882
158866,C1845142
158880,C0349588
159195,C0006142
159296,C0009324
159296,C0156147
159296,C0375359
159371,C0376358
159989,C0017636
159989,C0022680
159989,C0278878
159989,C1514422
159989,C0007131
160140,C4721414
160140,C0279702
160140,C2931456
160140,C2676676
160140,C0677776
160140,C0949059
160140,C0346629
160140,C0036572
160140,C1333600
160140,C5679802
160140,C0005684
160140,C4017102
160140,C0017636
160140,C0007758
160140,C1883486
160140,C2931038
160140,C2363142
160140,C0334587
160140,C0027672
160140,C0009375
160140,C0001418
160140,C0206624
160140,C0555198
160140,C0346153
160140,C5669733
160140,C2986662
160140,C0699790
160140,C4016951
160140,C0238463
160140,C1876175
160140,C0476089
160140,C1458155
160140,C0006142
160140,C0678222
160140,C0235974
160140,C0024623
160140,C0007115
160140,C4023354
160140,C1140680
160140,C1336839
160140,C0004135
160140,C0427144
160140,C3469522
160335,C0011053
160335,C3711374
160364,C0003873
160418,C1868720
160418,C4310646
160418,C0266483
160418,C0266463
160428,C1535926
160428,C4277682
160492,C0024121
160728,C0009375
160728,C0740394
160760,C4277682
160762,C0025202
160851,C0005586
160851,C2678248
160851,C0041696
160851,C0011881
160897,C0006142
161291,C0025202
161357,C0036572
161357,C3714756
161424,C0006142
161424,C1458155
161436,C0036341
161497,C0018784
161497,C1863561
161497,C0452138
161497,C1384666
161497,C3711374
161497,C1970187
161497,C2751811
161497,C1858916
161497,C5680182
161497,C5779549
161497,C5680250
161582,C0476254
161582,C4551720
161582,C0021364
161582,C3809641
161582,C0478019
161582,C0265747
161582,C0008780
161582,C1851967
161582,C0022521
161582,C4317124
161582,C4551906
161725,C0543888
161725,C4025790
161725,C0023015
161725,C1535926
161725,C1837397
161742,C1969623
161742,C0027831
161742,C0162678
161742,C0587248
161742,C0028326
161742,C0221263
161742,C4022738
161742,C2931482
161742,C0497552
161742,C5681679
161931,C4021107
162417,C0268543
162417,C0220994
162417,C0002514
162417,C0014850
162417,C0034194
162461,C0740279
162461,C0020255
162461,C0557874
162466,C0005944
162514,C0406761
162514,C5542829
162514,C4225339
162514,C0009404
162514,C0154723
162514,C0346629
162514,C1306122
162514,C0036341
162514,C0020507
162514,C5681107
163175,C5779613
163175,C4479539
163175,C0014553
163175,C1276035
163175,C5435650
163175,C4707882
163183,C3147083
163183,C0452138
163183,C5680182
163183,C5680250
163183,C3711374
163183,C5779549
163255,C0009402
163486,C0008312
163486,C0023892
163486,C0156147
163590,C4511482
163702,C0033860
163782,C0027726
163786,C4225338
163786,C3711387
163882,C0040128
164045,C0025322
164045,C0085215
164045,C3810376
164045,C0004509
164045,C5816691
164045,C0232981
164395,C0023903
164395,C0032460
164592,C0153491
164592,C0024624
164592,C0153492
164592,C0153493
164656,C0085576
164656,C5194182
164656,C0006142
164656,C0029810
164656,C4021768
164781,C0008780
164781,C0006142
164832,C0009402
165186,C1846647
165545,C1276035
165545,C5779613
165904,C0006142
165918,C2677792
165918,C0007131
165918,C0007137
165918,C0751688
166012,C1510586
166336,C0036572
166336,C5680502
166336,C0014550
166336,C1843851
166336,C5190799
166336,C0751778
166336,C0376532
166336,C0023903
166378,C0036572
166378,C4225276
166378,C3714756
166378,C1535926
166378,C0036341
166379,C1859570
166379,C0752166
166379,C0854723
166379,C0035334
166379,C4282400
166379,C2936862
166379,C0497552
166379,C3665347
166379,C4277690
166379,C4049796
166647,C0854723
166647,C0339526
166647,C0035334
166752,C0041696
166752,C1269683
166752,C0024517
166752,C0154409
166785,C1855109
166785,C0268583
166785,C0348484
166785,C0086543
166785,C1837397
166785,C4551563
166929,C1852022
166929,C5193004
167127,C0009402
167359,C2200127
167359,C0345958
167465,C1458155
167465,C0236969
167681,C0019209
167691,C0339527
167691,C1858301
167691,C0035334
167691,C0154860
167691,C0854723
167691,C2931258
167691,C0155020
167691,C1858080
168002,C0023903
168391,C0021364
168391,C0037274
168391,C0029574
168391,C0037277
168400,C0027726
168455,C1527349
168507,C0266642
168507,C3178805
168507,C0037221
168507,C1844020
168507,C0340014
168507,C4310668
168507,C3553676
168507,C4551493
168507,C1415817
168507,C3151057
168507,C1853444
168667,C1842691
168667,C0524662
168667,C4274732
168667,C2239176
169026,C0011860
169026,C3837967
169044,C0007766
169044,C0149925
169166,C0036341
169355,C0023890
169355,C4277682
169436,C1621958
169522,C1835897
169522,C0854723
169522,C0730290
169522,C0028738
169522,C0271092
169522,C0271093
169522,C0497552
169522,C1866293
169611,C2239176
169792,C0011860
169792,C0011854
169792,C0017605
169792,C4510367
169792,C1857775
169792,C3888631
169841,C0028754
170261,C0279626
170302,C1846171
170302,C0037769
170302,C0393706
170302,C0175754
170302,C3714756
170302,C0796250
170302,C0036572
170302,C0796244
170302,C0796124
170302,C3463992
170302,C0004352
170302,C4552072
170302,C5779964
170302,C2931498
170302,C0220775
170302,C3278923
170302,C1845543
170302,C4510949
170302,C1858120
170302,C4021083
170302,C1846172
170302,C0175713
170302,C0078981
170302,C5399973
170384,C0153423
170384,C0038356
170384,C0153421
170384,C0153422
170384,C0024623
170392,C2239176
170392,C0376358
170394,C0032460
170572,C0009402
170575,C0006142
170589,C0025202
170679,C1840299
170679,C1849193
170680,C0026764
170689,C0265213
170689,C0009402
170689,C1834523
170690,C2751824
170691,C0265313
170691,C2750787
170691,C1869114
170691,C1869115
170691,C1862839
170691,C5190986
170691,C0023903
170692,C3809567
170692,C1849409
170692,C0009402
170692,C0035334
170692,C4751602
170692,C1510586
170692,C0339527
170712,C2239176
170825,C5231440
170825,C4707858
170825,C0085084
170825,C1862939
171019,C0018824
171019,C5774226
171019,C0006142
171019,C0079485
171019,C0018798
171023,C0023467
171023,C3463824
171023,C0796232
171023,C0023480
171023,C0349639
171023,C0026987
171023,C0001815
171023,C0036857
171023,C0027708
171023,C1301365
171023,C0557874
171023,C0026985
171023,C1292772
171023,C0424605
171023,C3714756
171023,C1112486
171023,C1333015
171023,C2713368
171023,C0036572
171023,C0020555
171023,C0232466
171023,C4551563
171023,C1857949
171023,C2237142
171023,C4021085
171023,C1860834
171023,C0235991
171023,C1292773
171023,C1332219
171023,C0454644
171023,C2931052
171023,C1842581
171023,C1837658
171023,C0221263
171023,C1854408
171023,C0023487
171023,C0026826
171023,C4022737
171023,C1510586
171023,C0027643
171024,C0677886
171558,C0032460
171568,C3281192
171568,C0949595
171568,C4225384
192134,C0036346
192286,C0023903
192668,C0022680
192668,C0085548
192668,C1567435
192683,C0004352
192683,C3810225
192683,C0557874
195828,C0009404
195828,C0027626
195828,C3658266
195828,C3658267
196047,C3714756
196047,C0266484
196047,C0036572
196264,C0153493
196264,C0153492
196264,C0024624
196264,C0153491
196385,C0021364
196385,C5561978
196385,C0004238
196385,C0403812
196385,C5681165
196403,C1458155
196410,C0677886
196441,C0157916
196441,C0157918
196441,C0349588
196441,C0409667
196441,C0157917
196527,C0796149
196527,C0038013
196527,C0021390
196528,C2239176
196528,C0265338
196528,C3714756
196528,C0009404
196528,C4540499
196528,C4022738
196528,C4551563
196528,C0033578
196528,C0010606
196528,C4552543
196528,C0346629
196528,C0401151
196528,C0751291
196528,C1535926
196740,C0009402
196743,C0038454
196743,C0007131
196743,C1510586
197131,C0175692
197131,C4551563
197131,C0007222
197135,C4540284
197135,C5567489
197135,C4225210
197257,C5193006
197257,C4073168
197257,C1855552
197258,C5193028
197258,C4693905
197258,C1535926
197259,C0278701
197259,C0410422
197259,C0342276
197320,C0028754
197320,C4551563
197320,C0557874
197320,C0036572
197322,C3280314
197322,C0268583
197322,C1855119
197322,C0557874
197322,C0342793
197342,C0023264
197342,C4540029
197358,C2239176
199221,C0085548
199221,C4539903
199223,C5193091
199223,C0403811
199699,C0266642
199713,C0020217
199713,C3463897
199713,C1135868
199713,C0678213
199713,C0278796
199713,C0334529
199720,C5676960
199720,C3553794
199720,C5679591
199857,C0282577
199857,C0751882
199857,C4015596
199857,C5436652
199857,C5680989
199857,C5436646
199974,C3838076
200035,C1458155
200150,C0004352
200162,C5543580
200162,C3150874
200162,C0009402
200162,C5681165
200162,C0403811
200205,C3809165
200205,C3502075
200205,C5568837
200205,C4551563
200315,C0349204
200315,C0033975
200373,C4551720
200373,C0008780
200403,C4310781
200403,C0087012
200424,C5394097
200424,C3714756
200424,C0557874
200424,C0036572
200424,C1510586
200424,C0026764
200424,C1535926
200424,C5568766
200424,C3280378
200424,C0036341
200424,C5561984
200539,C1135196
200576,C1562113
200634,C3810175
200634,C4017084
200634,C4225342
200634,C0035334
200634,C0854723
200634,C4310707
200728,C0431399
200728,C1510460
200728,C0238198
200734,C0028326
200734,C0003873
200734,C5676916
200734,C0002395
200734,C1857641
200765,C0265261
200765,C1854678
200879,C1836672
200879,C0020678
200879,C1854310
200879,C0343073
200879,C3148823
200894,C0431399
200894,C2676771
200894,C5679612
200894,C0266483
200894,C0020225
200894,C1879312
200894,C0266461
200894,C4551568
200894,C0266462
200894,C2362742
200894,C0266463
200894,C0477971
200909,C0036341
200931,C0008312
200931,C0008370
200931,C0023892
200931,C0268312
200931,C0029227
200931,C0342257
200931,C5561965
200933,C0036341
200942,C0019829
200958,C0017661
201134,C5436678
201163,C0346010
201163,C0007134
201163,C1868193
201163,C0279702
201163,C0149781
201163,C4275252
201163,C0009404
201163,C0027672
201163,C0010709
201163,C0018552
201163,C0699790
201163,C1266042
201163,C0346255
201163,C2931246
201163,C0346629
201163,C0677776
201163,C0334583
201163,C0023903
201163,C1850321
201163,C0029850
201163,C0206624
201163,C1140680
201229,C0149925
201266,C0014474
201294,C1837174
201294,C0272199
201294,C3890737
201294,C0033578
201305,C0009402
201475,C0151744
201595,C2931007
201625,C0025160
201626,C0206617
201626,C0035235
201973,C0027092
201973,C3809464
202018,C4225162
202018,C0036439
202018,C0016655
202018,C2674432
202018,C4021165
202018,C0349588
202333,C0036341
202333,C0041696
202333,C1269683
202374,C2200127
202374,C0278883
202559,C0025202
203062,C0036341
203068,C4014283
203068,C4551592
203068,C0344482
203068,C0473586
203068,C0018801
203068,C0018802
203068,C0266463
203068,C4021085
203068,C3278923
203068,C0520459
203068,C0007193
203068,C1302995
203068,C0037773
203100,C1510586
203190,C5774199
203228,C0002736
203228,C0751072
203228,C3888102
203228,C0033975
203228,C4011788
203228,C0036341
203228,C0349204
203228,C1510586
203228,C0036337
203228,C5779877
203228,C0027746
203228,C5190586
203228,C0157916
203228,C0015397
203228,C0157917
203228,C0157918
203228,C0409667
203238,C0376358
203286,C3809320
203286,C0022679
203286,C0022680
203286,C0037221
203286,C0243050
203286,C0023890
203286,C1855681
203286,C1865872
203328,C0006142
203447,C3165106
203447,C1319315
203547,C1839615
203859,C1833736
203859,C1969785
203859,C2750076
203859,C0026850
203859,C0686353
203859,C0026848
203859,C2931907
203859,C0241005
203859,C5553104
203859,C4021082
203859,C4024921
203859,C0427065
203859,C0410264
203859,C0016751
203859,C4021745
203859,C0022680
203859,C1836296
204219,C0079154
204219,C3554349
204219,C5190986
204219,C0376358
204219,C0037268
204474,C0009402
204851,C1565662
204851,C0022660
204851,C2609414
204851,C0238198
205147,C0040588
205428,C1510586
205428,C0004352
205717,C0018553
206358,C0543541
206358,C4540400
206358,C0268654
219285,C1327919
219285,C1854978
219285,C5680414
219285,C0087012
219285,C5676950
219285,C4551563
219285,C3714756
219285,C5816772
219287,C0009402
219621,C0019209
219681,C3553403
219699,C0038525
219736,C0032914
219736,C1836255
219749,C0006142
219770,C0009402
219771,C0009324
219771,C0156147
219771,C0375359
219790,C0036341
219790,C5561926
219793,C3888239
219793,C0019569
219844,C1856016
219844,C2931104
219844,C0431399
219844,C0002902
219844,C0020224
219844,C0010964
219844,C3279222
219844,C4310745
219844,C1837407
219844,C0018798
219854,C0431399
219854,C5562000
219854,C0266462
219854,C0266483
219854,C0020225
219854,C1970161
219854,C1879312
219854,C2362742
219854,C0477971
219854,C0266463
219854,C0266461
219902,C0206368
219931,C2677088
219931,C0375489
219972,C5543173
219972,C4552543
219972,C0021051
219972,C1837618
220001,C0349588
220074,C1969621
220074,C3711374
220074,C0452138
220074,C1384666
220074,C5779549
220074,C5680250
220134,C2239176
220136,C0266642
220136,C0037221
220136,C3178805
220136,C0011813
220136,C3553676
220136,C0152101
220136,C1853444
220136,C1844020
220136,C1415817
220136,C3151057
220202,C0338502
220202,C0266568
220202,C1969783
220202,C2673946
220202,C5779991
220296,C3151355
220296,C1858854
220296,C3151356
220296,C3714756
220296,C5779875
220296,C1510586
220296,C5190809
220929,C0006142
220929,C0025202
220965,C0376358
220972,C0014859
220988,C0036341
221035,C0004352
221035,C0004238
221037,C0004352
221037,C1510586
221037,C1333813
221037,C4310778
221037,C0409667
221037,C1535926
221037,C0206624
221037,C0157916
221037,C0012236
221037,C0270855
221037,C0157918
221037,C0157917
221037,C0010606
221044,C0022578
221044,C0004352
221074,C0025202
221074,C0006142
221078,C1458155
221079,C0025202
221092,C0004352
221150,C2239176
221178,C0017606
221264,C0751883
221294,C0025202
221294,C0265290
221294,C0265289
221322,C0020635
221322,C0796102
221322,C4551563
221357,C0020538
221393,C0036341
221393,C0006142
221421,C2675228
221421,C4551720
221421,C0265747
221421,C0478019
221421,C0008780
221458,C0027051
221458,C0010068
221458,C0340643
221458,C0010054
221458,C0011860
221458,C0151744
221458,C0020538
221458,C0264694
221458,C0155626
221458,C0006142
221472,C0029513
221472,C0376358
221481,C0403812
221481,C0376358
221496,C0220721
221496,C0009691
221496,C1837785
221496,C1835884
221496,C0349588
221496,C0426799
221496,C5543388
221496,C0025990
221496,C0026034
221496,C2674432
221496,C0456070
221496,C0015300
221496,C4551520
221496,C4551563
221496,C0423757
221496,C0549397
221496,C4025069
221496,C0040433
221496,C4021202
221496,C1280433
221496,C1857710
221496,C0266539
221496,C5681190
221496,C0040457
221656,C0004238
221687,C1458155
221687,C0009404
221687,C0009402
221692,C0027051
221692,C0010054
221692,C0010068
221692,C0037769
221692,C0149931
221692,C4749023
221692,C0242231
221692,C0151744
221692,C0085580
221692,C0264694
221692,C0026654
221692,C0338480
221692,C0007785
221692,C0036341
221692,C0557874
221749,C0006142
221785,C3837651
221785,C3547403
221833,C0033975
221833,C0005586
221833,C0349204
221883,C0018802
221883,C0018801
221895,C0011860
221895,C0033578
221895,C0206630
221895,C0024141
221895,C0014170
221914,C0006142
221927,C3281029
221927,C4748032
221927,C0036572
221927,C3714756
221927,C1535926
221935,C1510586
221935,C0376358
221935,C0025160
221981,C0005586
221981,C0024713
221981,C0236780
221981,C0005587
222256,C0004096
222389,C0006142
222537,C0025202
222545,C2930619
222546,C2748662
222546,C0011849
222546,C0033578
222546,C3888631
222546,C4751130
222546,C0025202
222546,C5680537
222553,C0004238
222553,C0027726
222662,C3711374
222662,C1853223
222662,C1384666
222662,C0452138
222662,C1846647
222662,C0266589
222662,C5680250
222662,C5779549
222662,C5680181
222663,C5543057
222663,C4021790
222663,C0349588
222663,C0424503
222663,C0262444
222663,C0376358
222698,C0036341
222894,C0009402
223075,C0009402
223117,C0019569
223117,C0036341
223117,C1843156
223117,C3888239
225689,C0005695
225689,C0005684
245806,C0025202
245972,C0038356
245972,C0029513
245973,C1704380
246176,C5193103
246176,C4551720
246176,C0008780
246176,C1837618
246213,C1854158
246213,C3711374
246213,C0452138
246213,C2732267
246213,C5779548
246243,C4225312
246243,C4511138
246243,C0023264
246269,C0005586
246329,C1850625
246329,C0019209
246329,C0023903
246744,C0036341
246778,C0004096
246778,C0033578
246778,C0041327
246778,C0011854
246778,C0024117
252969,C0271183
252983,C1458155
252995,C0021368
252995,C0020538
252995,C0242698
252995,C0553980
252995,C0018800
253012,C0006142
253012,C0376358
253017,C5574922
253017,C3151463
253017,C0023976
253017,C0042514
253260,C0279626
253260,C0149925
253260,C0085215
253260,C1176475
253260,C0007102
253260,C0153491
253260,C0153452
253260,C0016978
253260,C0153493
253260,C0278806
253260,C0024624
253260,C0153492
253430,C5679993
253559,C0028754
253559,C0011860
253559,C0033860
253559,C1510586
253559,C0004114
253559,C0750935
253738,C1535926
253738,C4310618
253738,C3714756
253738,C0557874
253738,C0004134
253738,C0856863
253738,C1858120
253738,C0042580
253738,C0031900
253738,C1510586
253738,C1836830
253738,C0266313
253738,C0005697
253738,C0262361
253738,C0221060
253738,C0424503
253738,C0454641
253738,C0026827
253738,C0262655
253738,C0009806
253782,C0236969
253827,C2239351
253827,C0452138
253827,C1384666
253827,C1846647
253827,C5680250
253827,C5779549
253827,C3711374
253959,C5394091
253959,C3887898
253959,C1858120
253959,C0232466
253959,C0476273
253970,C0013421
253970,C1535926
253970,C0393584
253970,C4721429
253970,C0026764
253970,C1970269
254065,C3714756
254065,C1970841
254065,C5568766
254065,C3501611
254065,C0424605
254065,C1510586
254065,C0796250
254065,C1535926
254102,C0455988
254122,C1458155
254173,C0009402
254251,C0005612
254359,C0035334
254359,C0854723
254359,C0271097
254359,C0752166
254359,C2936862
254394,C0025322
254394,C4015409
254394,C4021107
254394,C4552079
254428,C5561953
254428,C0022658
254528,C4540179
254528,C0004509
254528,C5681165
254863,C0036069
254887,C4277682
255022,C0005695
255022,C0005684
255101,C5231451
255101,C0036341
255101,C0403811
255101,C0376358
255239,C0001973
255239,C0036341
255239,C0019337
255239,C0011581
255239,C0011570
255239,C0005586
255239,C0600427
255239,C0009171
255239,C0023015
255239,C0085762
255239,C0345958
255239,C0149782
255239,C2200127
255239,C3165106
255480,C0265264
255488,C0014170
255631,C0376358
255738,C0020443
255738,C0020445
255738,C0010054
255738,C0342881
255738,C0745103
255738,C0020597
255738,C0010068
255738,C0151744
255738,C1862596
255738,C0151718
255738,C1863551
255738,C0264694
255738,C0678189
255738,C3276239
255738,C0271183
255738,C0743924
255758,C0265275
255758,C2910340
255758,C0432195
255758,C4479416
255758,C0036069
255762,C3554608
255928,C5190803
255928,C0087012
256006,C5816691
256126,C0268595
256297,C1836780
256297,C3888631
256297,C4305001
256297,C4014737
256297,C3278636
256297,C3891828
256297,C0342276
256297,C1833104
256297,C4277682
256297,C1838655
256297,C0007760
256297,C1835808
256364,C0035334
256394,C0032227
256394,C0455988
256394,C0031039
256471,C0027877
256471,C0022340
256471,C1838571
256471,C0751383
256471,C0036572
256471,C0035334
256471,C0022797
256471,C4015371
256471,C4085590
256471,C0497552
256471,C1855465
256471,C0854723
256471,C1837501
256471,C3714756
256472,C0013421
256472,C0393593
256472,C5830280
256472,C0032460
256536,C0009402
256536,C0009404
256646,C1707291
256691,C0376358
256714,C0006142
256764,C0002452
256764,C0399372
256764,C1704380
256764,C2750771
256764,C0011430
256764,C0011436
256764,C2981132
256764,C0028878
256764,C0868847
256764,C1864498
256764,C5436235
256764,C1704375
256933,C0032460
256957,C0006142
257019,C0263454
257044,C0006142
257101,C0263454
257106,C0032460
257194,C0028754
257202,C0677886
257202,C1510586
259173,C0036341
259173,C0006142
259197,C0024530
259197,C1970029
259197,C1836721
259217,C0036341
259217,C0236969
259232,C4225398
259232,C0557874
259232,C5779613
259232,C3714756
259232,C0036857
259232,C1535926
259232,C0006625
259232,C0038379
259232,C3809454
259232,C0008073
259232,C0036572
259232,C1837388
259232,C4706556
259232,C0497552
259232,C1858120
259232,C0220662
259232,C1276035
259232,C1834523
259232,C0265224
259232,C1510586
259236,C3711374
259236,C1384666
259236,C1832992
259236,C0018784
259236,C0452138
259236,C5680250
259236,C1846647
259236,C5779549
259236,C0266589
259266,C3711387
259266,C2677180
259266,C1837501
259266,C3714756
259266,C0025958
259266,C1855081
259266,C2239176
259266,C0270824
259266,C4551563
259266,C0266463
259266,C1276035
259266,C0036095
259266,C0497552
259266,C5779613
259266,C0010606
259266,C0032460
259282,C0006142
259295,C0376358
259307,C0021368
259307,C1140680
259307,C0795996
259307,C0242488
260293,C1510586
260425,C5779613
260425,C1276035
261734,C1847013
261734,C0687120
261734,C1846979
261734,C0403553
261734,C0035334
261734,C1855681
261734,C0339527
261734,C0022658
261734,C0018798
261734,C1846790
261734,C0854723
261734,C0008370
261734,C0752166
261734,C0021359
261734,C1968949
261734,C4551559
266553,C0036341
266727,C0036341
266727,C0005586
266727,C0023462
266727,C1334655
266743,C0036341
266743,C0005587
266743,C4551563
267004,C0265201
267004,C3551173
267004,C5816691
267004,C3151063
267004,C0006142
267004,C0242379
267004,C0684249
267004,C0220722
267004,C0751038
267004,C4310783
267010,C1864186
267010,C5774297
267010,C5567894
267012,C0036341
267012,C0005586
267012,C0011570
267012,C0525045
267012,C0011581
267012,C0001723
267012,C1269683
267012,C0041696
267012,C0236780
267012,C0024713
267012,C0005587
282617,C0019196
282617,C0023890
282617,C0021368
282617,C0004096
282617,C0040034
282617,C1168401
282617,C0010403
282617,C0036341
282617,C0009714
282617,C0011615
282617,C0270611
282617,C0016470
282618,C5203670
282618,C0019196
282618,C0019100
282618,C2239176
282706,C0005586
282706,C0036341
282706,C0011570
282706,C0011581
282775,C0029574
282775,C0037274
282775,C0037277
282808,C1845285
282808,C0796250
282809,C4085590
282809,C4014856
282809,C0036346
282809,C0854723
282973,C0006142
282974,C0009402
282996,C0007193
282996,C0878544
282996,C0007194
282996,C0340427
282996,C0004238
282996,C2750995
282996,C1449563
282996,C4021133
282996,C0349788
282996,C0023976
282996,C0949658
282996,C0042514
282996,C0264886
282996,C2751898
282996,C1834481
282996,C5679590
282996,C0043202
283008,C0334488
283092,C0007134
283104,C0031117
283104,C4082197
283104,C0007959
283104,C1858278
283104,C0427144
283106,C0684249
283106,C4310739
283120,C0027708
283120,C1333015
283120,C0006142
283120,C0596263
283120,C0175693
283120,C0005684
283120,C0005695
283120,C1458155
283120,C0018802
283120,C0010054
283120,C0018801
283120,C1856184
283120,C0279626
283120,C0039538
283120,C1332219
283120,C0264694
283120,C0151744
283120,C1335062
283120,C0007785
283120,C0010068
283120,C0027626
283120,C5551485
283120,C0040336
283120,C4277682
283120,C5680916
283120,C5680919
283120,C0005612
283120,C0156669
283120,C0341823
283120,C5680917
283120,C5680922
283130,C0025202
283131,C0007102
283234,C0023343
283237,C0033578
283238,C0022660
283238,C2609414
283238,C1565662
283310,C3711374
283310,C3554159
283310,C1384666
283310,C0452138
283310,C5680250
283310,C0025160
283310,C0006142
283310,C5779549
283349,C2931456
283375,C4014762
283375,C0027092
283417,C3151407
283417,C5679591
283446,C1275808
283446,C5561963
283446,C1859049
283450,C0011860
283450,C5830296
283450,C0151744
283450,C0010054
283450,C1456283
283450,C1510586
283450,C0264694
283450,C0010068
283455,C0011860
283455,C0028754
283455,C0020538
283455,C1556381
283455,C0011849
283455,C0020473
283455,C0152013
283455,C0028756
283459,C5394237
283459,C3532239
283463,C0021390
283489,C3714756
283489,C0557874
283489,C1535926
283489,C5676894
283489,C5680502
283537,C0376358
283600,C2239176
283600,C0376358
283635,C2243051
283635,C3714756
283635,C0221358
283638,C0018798
283652,C3805375
283652,C0078918
283652,C2676042
283659,C0004352
283659,C0028754
283677,C5436938
283692,C0004352
283692,C4551563
283692,C0026827
283692,C0232466
283692,C0497202
283692,C4310637
283692,C0543888
283692,C1858120
283692,C0557874
283692,C4317146
283692,C0037822
283692,C0454644
283849,C0006142
283871,C0005586
283875,C0027626
283875,C0007873
283875,C0751688
283875,C0007137
283927,C0023903
283987,C5774190
283989,C1856974
283989,C1848526
283989,C1261175
283989,C1857762
283989,C0025958
283989,C2932714
283989,C0497552
283989,C0557874
283989,C0026650
283989,C1859341
283989,C4551563
283989,C0026826
283989,C0011168
283989,C3714756
283989,C5231391
283989,C0025362
283989,C0002418
283989,C1848552
283989,C0042790
284013,C0007134
284021,C1864668
284021,C5543632
284021,C1834846
284021,C5193142
284021,C0162557
284021,C0037773
284058,C1864871
284058,C3714756
284058,C0919267
284058,C0025362
284058,C0557874
284058,C0026827
284058,C0036572
284058,C4022738
284058,C2825149
284058,C0431369
284058,C0376634
284058,C2931713
284058,C0010606
284058,C5680525
284058,C5680974
284086,C3151188
284086,C0085413
284086,C3809434
284086,C0022658
284086,C2673883
284086,C0025322
284086,C0887850
284086,C0030297
284086,C1865872
284086,C2751306
284098,C4014958
284098,C1855923
284098,C0557874
284098,C4510605
284098,C4023165
284098,C5201145
284098,C2981150
284111,C4014621
284111,C0543888
284111,C0036572
284111,C0557874
284111,C0406740
284111,C0015695
284111,C1561643
284111,C4551563
284111,C5680057
284111,C0015696
284119,C0221032
284119,C0023787
284119,C2750069
284119,C0006142
284119,C0494360
284119,C0268583
284119,C0043094
284119,C1855119
284119,C3888631
284129,C0086647
284129,C0026706
284184,C5394053
284184,C0023264
284184,C1838979
284184,C0751651
284207,C0021655
284207,C0271650
284207,C0043094
284217,C4014821
284217,C0009404
284217,C3241937
284217,C0036341
284217,C0025362
284217,C0400966
284252,C1867020
284361,C3714756
284361,C5543268
284361,C5568766
284382,C5543253
284382,C0011615
284382,C0403811
284382,C0009402
284403,C1858535
284403,C3711387
284403,C2677180
284403,C0025958
284403,C0266464
284403,C3714756
284403,C0557874
284403,C0025362
284403,C1837249
284403,C4551563
284403,C0036572
284403,C0497552
284403,C4021762
284403,C2239176
284434,C0376358
284439,C5193083
284439,C0162670
284459,C1276035
284459,C5779613
284498,C0010054
284498,C0010068
284498,C0264694
284498,C0151744
284498,C1856058
284498,C1866558
284541,C3838076
284541,C1510586
284546,C0004238
284615,C1458155
284618,C4225262
284654,C0677886
284654,C3149931
284654,C3502495
284654,C2674504
284654,C4302748
284656,C5830355
284656,C3711374
284656,C5779548
284656,C3165106
284656,C0278701
284656,C0452138
284996,C0006142
285025,C0271623
285025,C0342384
285025,C0162809
285025,C2874189
285025,C2930619
285025,C0271577
285025,C0271582
285025,C2874188
285025,C0221405
285025,C0342381
285025,C0242342
285025,C0242343
285025,C2874190
285025,C0020635
285025,C0013338
285148,C3280501
285172,C0043094
285175,C4225203
285175,C0557874
285175,C3714756
285175,C0085584
285175,C4551563
285175,C4706556
285175,C2237142
285175,C1510586
285175,C4022738
285193,C0026769
285195,C0004352
285195,C1510586
285195,C3150677
285195,C0346629
285203,C0265268
285203,C3809092
285231,C0011881
285242,C0036341
285266,C0376358
285282,C0030297
285282,C2931038
285282,C0153458
285282,C5231459
285282,C0153459
285282,C0153463
285282,C0153460
285313,C0085215
285313,C5542298
285362,C0268263
285362,C1720864
285362,C1535926
285440,C1859486
285440,C0035334
285440,C0854723
285440,C0010036
285440,C0010035
285441,C1458140
285441,C0015523
285463,C4693578
285463,C4551563
285489,C1276035
285489,C1850792
285489,C0751882
285489,C4760599
285489,C4021745
285489,C0751883
285489,C0035372
285498,C4021107
285498,C5562049
285498,C0013080
285498,C5681165
285498,C2677576
285498,C1527349
285521,C0018784
285521,C5435656
285590,C1855305
285590,C0018273
285590,C0376634
285590,C0015393
285590,C1384666
285590,C0028840
285590,C0017605
285600,C3887487
285600,C4282400
285600,C5193129
285601,C0919267
285671,C3539878
285704,C0003873
285704,C0033578
285761,C0025202
285848,C0020757
285848,C0079154
285848,C3554355
285848,C0079583
285848,C0043345
285848,C0037268
285973,C0085215
286002,C1846647
286002,C0271829
286002,C5680250
286002,C0043202
286002,C0011053
286002,C3538946
286002,C1384666
286053,C0006142
286053,C4310647
286053,C4551563
286053,C0557874
286053,C5539399
286053,C0349588
286053,C5681181
286053,C0432072
286077,C0399376
286077,C0002452
286077,C0011430
286077,C0011436
286077,C0028878
286077,C2981132
286077,C0868847
286077,C0376634
286151,C5562062
286151,C5562063
286151,C5681165
286204,C4015555
286204,C1857423
286204,C0403397
286204,C0017668
286204,C0035334
286204,C2902889
286204,C2902887
286204,C2902888
286204,C0451720
286204,C4273714
286262,C2750082
286262,C3711374
286262,C0452138
286262,C0266589
286262,C1384666
286262,C1846647
286262,C5779549
286343,C0040588
286410,C4746970
286410,C0009402
286530,C0026764
286676,C1864818
286676,C1384666
286676,C0011053
286676,C3711374
286676,C0452138
286676,C1846647
286676,C1865866
286676,C5779549
286749,C3668935
286749,C0033804
286749,C0266432
286749,C1859979
286749,C2674612
286749,C0948896
286749,C0342549
286749,C0266427
286749,C2673497
286749,C4016252
286887,C2931923
286887,C3810394
286887,C5190822
317662,C0431399
317662,C2745997
317662,C5231493
317662,C0266461
317662,C2362742
317662,C0477971
317662,C0266462
317662,C0266463
317662,C0020225
317662,C1879312
317662,C0266483
317719,C3554453
317719,C4021107
317719,C5681165
317761,C4021107
317761,C0004509
317761,C5543094
317761,C5543095
317761,C0028738
317761,C1853235
317761,C4225424
317761,C5681165
317761,C0009691
317761,C0266544
317761,C5680330
317761,C1859773
317762,C4748381
317772,C0006142
317781,C0345967
317781,C1332338
317781,C0278752
317781,C0392400
319089,C0265215
319100,C0005586
319100,C0011581
319101,C0022336
319101,C0009402
326625,C1855102
326625,C0268583
326625,C0025521
326625,C0011581
326625,C0348484
326625,C0398691
326625,C1959626
326625,C3890737
333929,C0520459
337867,C0004943
337975,C0006142
337977,C0006142
338094,C1319315
338321,C0006142
338323,C0006142
338324,C0032460
338328,C4014767
338339,C0024115
338382,C0948089
338382,C0029456
338398,C0025202
338440,C0376358
338442,C0016382
338442,C0036341
338442,C0033860
338442,C0037286
338442,C0007137
338442,C0751688
338557,C0028754
338557,C2675659
338557,C3554593
338567,C0149931
338567,C3150908
338596,C0376358
338653,C3468561
338653,C0022387
338653,C1142166
338653,C4551509
338653,C0004903
338653,C1865019
338653,C1837014
338653,C0003811
338653,C2348199
338653,C0023976
338653,C1141890
338653,C0344432
338653,C4551647
338657,C5774267
338657,C2931383
338657,C1850343
338811,C0338656
338811,C0003469
338917,C0026010
338917,C1864720
338917,C0003119
338917,C4255043
338917,C5680330
338917,C0158543
338917,C0155020
338917,C1864721
338917,C5679828
338917,C0035334
338917,C3150757
338917,C1864722
339123,C5190574
339123,C4748158
339145,C0156147
339221,C0376358
339230,C0036341
339231,C0036346
339327,C0006142
339345,C0021364
339366,C1527349
339390,C2239176
339398,C0266464
339451,C0040588
339453,C1843891
339453,C1535926
339479,C0264694
339479,C0027051
339479,C0151744
339479,C0010054
339479,C0010068
339751,C2931019
339751,C5567487
339829,C4551720
339829,C3151136
339829,C0266642
339829,C0008780
339829,C0265747
339829,C0478019
339829,C0013903
339829,C0021359
339829,C1510586
339855,C2678065
339855,C4310711
339855,C5567453
339855,C5567452
339896,C0853193
339896,C0023903
339896,C4750837
339976,C0006142
339976,C0376358
339983,C3279716
339983,C4551563
340024,C0018609
340024,C0543541
340024,C0268654
340024,C0271183
340061,C4014722
340061,C3890737
340061,C0279626
340061,C0024145
340061,C5688224
340061,C4277682
340075,C0037772
340075,C5190590
340075,C0037773
340075,C1510586
340152,C2239176
340156,C0149782
340156,C3165106
340205,C0157916
340205,C0409667
340205,C0157917
340205,C0006142
340205,C0157918
340267,C0154536
340273,C0025202
340273,C0009402
340273,C1335302
340273,C0009404
340419,C4747923
340419,C4747940
340419,C2931218
340533,C3714756
340533,C0014544
340533,C0393702
340533,C1535926
340533,C3806730
340533,C3806403
340533,C4305023
340665,C3554246
340665,C2936827
340706,C0009402
340706,C0042580
340719,C3809427
340719,C5681165
340719,C0278752
340719,C0345967
340719,C0392400
340719,C1332338
340990,C3554163
340990,C0025281
340990,C1384666
340990,C0011053
340990,C0452138
340990,C0085084
340990,C3711374
340990,C1862939
340990,C0036572
340990,C3714756
340990,C5680250
340990,C1846647
340990,C5779549
340990,C5680182
341019,C0278996
341208,C1849811
341208,C0023645
341568,C0005695
341568,C0005684
341640,C0265233
341640,C0311249
341640,C1852453
341640,C0235833
341640,C4540036
341640,C0266294
341640,C0266362
341640,C1857453
341640,C0265660
341640,C4551563
341640,C0221352
341640,C0036341
341640,C4551480
341640,C1968949
341640,C2315717
341640,C0376358
341640,C5437887
341640,C4025329
341640,C0036346
341640,C4225309
342035,C5779613
342035,C0332878
342035,C4310670
342035,C0333068
342035,C0020224
342035,C0750442
342035,C3808046
342035,C1276035
342035,C0587371
342035,C2183058
342035,C0265562
342035,C1387923
342035,C0265561
342035,C0158118
342035,C0478066
342035,C1404173
342035,C0158760
342371,C0087012
342372,C0270736
342510,C0009402
342618,C4310797
342618,C0040034
342618,C5568864
342618,C1458140
342667,C0271183
342667,C0036346
342945,C0023903
343035,C1857743
343035,C0339527
343035,C0035304
343035,C4316870
343263,C0455988
343263,C0007194
343263,C1142166
343450,C4540411
343450,C0036572
343450,C0006142
343472,C0585362
343637,C0265998
343637,C3277900
343641,C3888031
343641,C0087012
343641,C0242422
343641,C0023467
343641,C4707228
343641,C0026837
343641,C3489733
343641,C0152025
343641,C0332615
343641,C4024962
343930,C0007134
344018,C0025322
344018,C0085215
344018,C2676742
344018,C5816691
344148,C0086132
344148,C0085215
344167,C0265240
344167,C5781610
344167,C3495417
344558,C0154536
344758,C0007194
344805,C0236969
345193,C0339535
345193,C3554399
345193,C1306122
345193,C0271093
345274,C1458155
345557,C0005586
345611,C0021390
345611,C0009324
345611,C2677079
345611,C0041295
345611,C0375359
345611,C0156147
345643,C5231464
345643,C4551720
345643,C1837618
345643,C0008780
345895,C2675229
345895,C4551720
345895,C0265747
345895,C0478019
345895,C0008780
345895,C4022738
345895,C4551906
345895,C1510586
346007,C0035334
346007,C1864446
346007,C0339526
346007,C4551714
346007,C0730292
346007,C0854723
346007,C0476397
346007,C3665347
346007,C1862475
346007,C0234629
346007,C4021561
346007,C1405854
346007,C0152191
346007,C0858618
346007,C4316870
346007,C4551715
346007,C0271385
346007,C0344232
346007,C0004106
346007,C0024440
346007,C0271093
346007,C0035305
346007,C1536451
346171,C0342273
346171,C0011849
346171,C1832386
346171,C3888631
346288,C0030567
346288,C0017636
346288,C1514422
346288,C0334588
346288,C0206726
346288,C0278878
346562,C0021364
347088,C0032460
347240,C0031117
347240,C0036069
347273,C0007193
347344,C3501611
347344,C1845333
347344,C2931498
347365,C3714756
347365,C0349588
347516,C0376358
347688,C4014291
347688,C0021361
347688,C4225210
347688,C5567489
347689,C1859774
347689,C0003076
347689,C0003119
347689,C0008073
347689,C0002453
347689,C0338503
347689,C1859773
347730,C0036341
347731,C1510586
347731,C3810138
347733,C0266463
347733,C1302995
347733,C3552236
347733,C3808397
347733,C5681081
347733,C1845668
347733,C0394006
347733,C5568850
347733,C0007097
347733,C0553707
347733,C1368683
347734,C5830312
347734,C5680275
347735,C0001973
347853,C5680616
348110,C0036572
348180,C4748348
348180,C1458155
348180,C0027626
348180,C1968949
348654,C0006142
348654,C0027672
348654,C5679802
348654,C0346153
348793,C0006142
348808,C0687120
348808,C0265215
348808,C3715199
348808,C5679612
348808,C2673885
348808,C1858392
348932,C0020538
348938,C0079154
348938,C0079583
348938,C2677065
348938,C4551486
348980,C0014544
348980,C0036572
348980,C4014531
348980,C0543888
348980,C0011581
348980,C3714756
348980,C0393706
348980,C5193120
348980,C0009952
348980,C3502809
348980,C0011570
348980,C4022737
348980,C0000814
348980,C0004134
348980,C3463992
348980,C0234629
348980,C5680057
349408,C0029408
349408,C5676883
349408,C0002880
349408,C4015070
349565,C0032460
352909,C1847554
352909,C4551720
352909,C0265747
352909,C0478019
352909,C4317124
352909,C4551906
352909,C0008780
352909,C0022521
352909,C2678474
352909,C1861861
352909,C1860752
352909,C0878544
353143,C0033860
353174,C5436732
353219,C1857750
353219,C4479344
353219,C1838436
353219,C4015542
353238,C4310659
353238,C0085215
353345,C0085215
353376,C1175175
353376,C0270611
353497,C0376358
353500,C1704436
353514,C0157916
353514,C0157917
353514,C0157918
353514,C0409667
359787,C0027658
359845,C0008370
359948,C4540380
359948,C0009447
359948,C0023487
359948,C1833487
360200,C0557874
373156,C0033578
373156,C0157946
373509,C0037773
374291,C0023264
374291,C1838979
374291,C4748752
374291,C3714756
374354,C4748939
374378,C4310739
374393,C3810325
374393,C0022821
374393,C0349588
374393,C0027121
374393,C0029396
374393,C4749823
374407,C4310722
374407,C4551720
374407,C0010200
374407,C0008780
374462,C3150654
374462,C0011053
374462,C1384666
374462,C0018784
374462,C1846647
374462,C4540024
374462,C0452138
374462,C5779549
374462,C1836843
374462,C1849134
374462,C0266589
374462,C0728829
374462,C0030193
374462,C5779548
374462,C0231686
374462,C0016202
374569,C2239176
374569,C0015967
374569,C0042963
374569,C0701818
374569,C0018965
374569,C0023530
374569,C0002871
374569,C0006739
374569,C0002792
374569,C0040034
374618,C4551493
374618,C5394551
374654,C0796147
374654,C2931104
374654,C3714756
374654,C0431399
374654,C0025362
374654,C1846722
374654,C0008924
374654,C0008925
374654,C3279899
374654,C0158651
374654,C0028738
374654,C2112129
374654,C0431904
374654,C3278923
374654,C0038379
374654,C0007758
374654,C4304500
374654,C5680527
374654,C3280899
374654,C1860168
374654,C3277723
374654,C2700406
374654,C2745997
374654,C1856016
374654,C2936862
374654,C0026838
374819,C0376358
374868,C0236736
374879,C0001973
374879,C5561967
374879,C1260899
374879,C5568766
374887,C0005695
374887,C0005684
374920,C0032460
374946,C0030567
374955,C0006142
374955,C0023903
374955,C0032460
374969,C3714756
374969,C5231413
374969,C4551563
374969,C5568766
374969,C1271100
374977,C0006142
374987,C0007193
374987,C0007194
375056,C0027051
375056,C0010054
375056,C0010068
375056,C5543275
375056,C0151744
375056,C0264694
375190,C0270736
375248,C1846647
375298,C0035334
375298,C1842127
375298,C0854723
375298,C4085590
375298,C0339526
375298,C0220701
375298,C0730290
375298,C4024790
375298,C5681367
375298,C1849186
375298,C0730292
375298,C1840457
375298,C0271093
375387,C5394359
375444,C0006142
375449,C3887898
375449,C0149782
375611,C1384666
375611,C3151230
375611,C3711374
375611,C0011053
375611,C0452138
375611,C5779549
375748,C1855710
375748,C0030312
375748,C3810350
375748,C0002736
375748,C0040034
375748,C0027672
375748,C4707228
375748,C0025322
375748,C4751507
375748,C2986691
375775,C0085215
375775,C0524582
375775,C4748283
375790,C0751882
375790,C3808739
375790,C0023467
375790,C0751883
375790,C1535926
375790,C0751884
375790,C4021745
376132,C0007193
376132,C0004238
376132,C0018801
376132,C0018802
378884,C0751783
378884,C0751778
378884,C0036572
378884,C1850764
378938,C0236663
379025,C4749059
386593,C0271183
386593,C0026850
386593,C0036572
386593,C1865233
386593,C1837397
386653,C0011615
386677,C3553932
386681,C0006142
386681,C0009402
387032,C0036341
387082,C0011854
387082,C1838260
387082,C3837958
387082,C4290091
387082,C4290092
387082,C4290090
387103,C2239176
387119,C5394354
387119,C0266463
387119,C0006142
387119,C0007194
387119,C0007193
387119,C0878544
387119,C0018790
387119,C1535926
387119,C1836906
387119,C0085298
387119,C3151265
387119,C1835928
387119,C5780029
387119,C0038644
387119,C1835194
387129,C0004096
387129,C0011581
387129,C0036341
387129,C0011570
387129,C0003873
387129,C0021390
387129,C0001973
387129,C0020192
387129,C1837811
387357,C0007570
387357,C0001973
387496,C0014175
387496,C0009404
387509,C0036341
387509,C0036346
387601,C0023890
387601,C4277682
387700,C4310806
387700,C0009691
387700,C0009363
387700,C4302529
387712,C0021364
387715,C0024437
387715,C3151070
387733,C2931093
387733,C0029434
387733,C0029458
387758,C1135196
387775,C2239176
387775,C1514422
387775,C0919267
387775,C0024232
387775,C0278878
387775,C0017636
387775,C0007131
387787,C4540052
387787,C0042510
387787,C5567229
387787,C2751089
387787,C0039070
387893,C0376358
388015,C5680720
388015,C5680721
388015,C5679639
388015,C5679640
388015,C5680251
388015,C5680248
388112,C0022578
388115,C0009402
388125,C0011860
388125,C0025160
388228,C1335167
388325,C0278996
388389,C3542550
388389,C4551720
388389,C0478019
388389,C0265747
388389,C4551493
388389,C0008780
388389,C4022986
388389,C0022521
388389,C4551906
388389,C0021359
388389,C4317124
388531,C5830452
388531,C1842073
388551,C3281297
388551,C1384666
388551,C3711374
388551,C5193079
388551,C0452138
388551,C5779549
388551,C5779548
388551,C5680182
388551,C5680250
388551,C0266589
388552,C3888026
388552,C0079504
388552,C0036341
388552,C5680913
388552,C0032460
388585,C0006118
388585,C0027765
388591,C0023976
388591,C0027626
388650,C0002874
388650,C0266368
388650,C1857486
388650,C0857379
388650,C0019209
388650,C2973725
388650,C1866134
388650,C0018817
388650,C0424711
388650,C0151908
388650,C2676137
388650,C1856409
388650,C1260899
388650,C1720771
388650,C2931850
388650,C1849075
388650,C0542035
388650,C0018916
388650,C1837246
388650,C0423110
388662,C4225395
388697,C4225309
388698,C1849193
388698,C4748093
388698,C5679692
388743,C0007570
388753,C4225304
388753,C4273730
388753,C5399977
388939,C0035334
388939,C3150691
388939,C0339526
388939,C4085590
388939,C0154860
388939,C0271093
388939,C0854723
388939,C5829987
388962,C3280378
389015,C0001122
389015,C1836653
389015,C0003466
389058,C0033578
389197,C0006142
389206,C2675556
389206,C0007131
389207,C1414017
389207,C3711374
389207,C0011053
389207,C1384666
389207,C0452138
389207,C5680250
389207,C1846647
389207,C0036341
389207,C5779549
389333,C1835677
389400,C0006142
389421,C0027819
389434,C0342195
389434,C0010308
389434,C4273748
389549,C0162809
389549,C4014988
389549,C0271623
389549,C0242343
389549,C2874188
389549,C0342381
389549,C0242342
389549,C0271577
389549,C0013338
389549,C0221405
389549,C2874189
389549,C2874190
389549,C0020635
389549,C0271582
389549,C0342384
389549,C0002453
389549,C4017302
389558,C2239176
389558,C0014175
389677,C0027070
389692,C1578917
389692,C4015436
389799,C0009402
389827,C1850746
389827,C5676876
389840,C0149782
389840,C1319315
389840,C0278883
389840,C1839413
389840,C0152013
389840,C1535926
389856,C4310816
389856,C3714756
389856,C1535926
389856,C2931498
390321,C0270736
390594,C1836472
390594,C0206157
390594,C3711389
390594,C0546125
390927,C0004763
391356,C0242422
392255,C0022738
392255,C1861689
392255,C4693531
392255,C3715164
392255,C2751307
392255,C0339527
392255,C0008924
392255,C0158543
392255,C5679828
392255,C0008925
392255,C0154860
392255,C0158651
392255,C3150968
392255,C1846862
392255,C1968949
392509,C1535926
392862,C5779573
399671,C3714756
399671,C1858120
399687,C0020305
399687,C0424503
399687,C0158118
399687,C0376358
399909,C0024141
399972,C4085595
400073,C0009402
400224,C1458155
400258,C2239176
400359,C0005586
400359,C0001973
400550,C2960310
400765,C0036341
400916,C0002736
400916,C4014648
400916,C4015513
400916,C3554398
400916,C5191007
400916,C3888102
400931,C0024121
400931,C0153491
400931,C0153493
400931,C0024624
400931,C0153492
400952,C4023190
400954,C0022578
400960,C1535926
401024,C4748403
401024,C0403811
401109,C0007873
401109,C0007847
401124,C0854723
401124,C0026850
401124,C0339527
401138,C4539891
401138,C0399376
401138,C0009402
401145,C0600427
401145,C0236736
401207,C0236969
401474,C4273988
401474,C1832841
401474,C0014550
401491,C4551552
401491,C5231391
401541,C3810445
401541,C5779548
401541,C2675609
401541,C2675551
401541,C0271514
401944,C0009782
401944,C0036391
401944,C4551563
401944,C1857100
401944,C4551479
402381,C4748253
402381,C4540141
402381,C5816691
402381,C3553794
402381,C5681165
402569,C5830418
402569,C0026106
402569,C4750913
404037,C1458155
404281,C0006142
404672,C4017171
404672,C1955934
404744,C1837811
405753,C0010308
405753,C0342196
405753,C4273748
406884,C0008370
406884,C4277682
406884,C0035222
406885,C0013080
406885,C0019163
406885,C4277682
406886,C0011860
406886,C4277682
406886,C0035222
406889,C0018805
406889,C0016059
406890,C4277682
406890,C0018801
406890,C0018802
406891,C2609414
406891,C0018801
406891,C4277682
406891,C1565662
406891,C0022660
406891,C0027055
406891,C0008370
406891,C0018802
406892,C0005695
406892,C0005684
406892,C0002395
406892,C0019163
406892,C0007138
406892,C0030305
406892,C0017658
406892,C0334265
406892,C4277682
406893,C0034069
406894,C1458155
406895,C4277682
406896,C0018523
406896,C1846582
406899,C0033578
406900,C0018802
406900,C0009404
406900,C0018801
406900,C0029463
406900,C0004352
406900,C0206639
406901,C0018801
406901,C0036341
406901,C0018802
406901,C0018781
406901,C4277682
406902,C1458155
406902,C2609414
406902,C0022660
406902,C0024121
406902,C0034069
406902,C0027055
406902,C0007095
406902,C1565662
406902,C4277682
406902,C0018781
406903,C1458155
406903,C0011860
406903,C4277682
406903,C0015695
406903,C0027055
406903,C0015696
406903,C0017658
406904,C0024121
406904,C4277682
406906,C2239176
406906,C0019163
406906,C2609414
406906,C4277682
406906,C0022660
406906,C0034069
406906,C0034531
406906,C0034530
406906,C1565662
406909,C0002395
406909,C0023186
406909,C0751265
406910,C0278752
406910,C0018802
406910,C0018801
406910,C0392400
406910,C1332338
406910,C0034069
406910,C0345967
406911,C0011860
406911,C4277682
406912,C0013080
406912,C4277682
406912,C0019163
406912,C0553980
406912,C0027051
406912,C0242698
406912,C0018800
406913,C0011860
406913,C1458155
406913,C0007131
406913,C0018802
406913,C0018801
406913,C0345967
406913,C0035222
406913,C0027055
406913,C0278752
406913,C0392400
406913,C1332338
406914,C1458155
406914,C0024121
406914,C0152013
406914,C0035222
406914,C0238463
406914,C0007095
406914,C0011860
406914,C1335060
406915,C0019569
406916,C0035222
406919,C0028754
406919,C0001925
406919,C0030305
406919,C0236736
406919,C4277682
406919,C0007120
406920,C0028754
406920,C0009404
406920,C0011860
406920,C0029463
406920,C0008370
406920,C0030305
406920,C0206639
406920,C4277682
406920,C0018781
406921,C1458155
406921,C0005684
406921,C0005695
406921,C0270611
406921,C0153395
406921,C0153396
406921,C0153394
406921,C0153393
406921,C4277682
406921,C0238301
406921,C0153392
406922,C0016059
406922,C2239176
406923,C0018801
406923,C0149721
406923,C0018802
406924,C0027055
406924,C0015695
406924,C0015696
406924,C0238463
406926,C0027796
406927,C0007131
406927,C0009404
406927,C0024121
406927,C0153493
406927,C0153492
406927,C0153491
406927,C0024624
406927,C0238463
406927,C0346629
406927,C0236736
406927,C0007095
406928,C0036341
406928,C0005586
406928,C0236736
406928,C0027055
406929,C0236736
406931,C0015695
406931,C0015696
406932,C0034069
406932,C4305147
406932,C0338656
406932,C5680411
406932,C0342257
406932,C0022660
406932,C2609414
406932,C0018802
406932,C0018801
406932,C0011860
406932,C0162872
406932,C1565662
406933,C1458155
406933,C0030305
406933,C0011860
406933,C0027626
406933,C0023891
406933,C4277682
406934,C0011860
406934,C0153461
406934,C0027055
406934,C4277682
406934,C0887833
406935,C0596263
406935,C0079731
406935,C0023434
406935,C0024299
406935,C0687132
406935,C0560219
406935,C0598798
406935,C0008370
406935,C0022660
406935,C1565662
406935,C2609414
406935,C4277682
406936,C0011860
406936,C0007120
406936,C0018801
406936,C0001430
406936,C0334389
406936,C0018802
406937,C1458155
406937,C0005684
406937,C0007131
406937,C0005695
406937,C0018802
406937,C0027051
406937,C0018801
406937,C0014859
406937,C0011881
406937,C0677886
406937,C0007138
406937,C0034069
406937,C0023434
406937,C0001925
406937,C0079731
406937,C0311375
406937,C0334265
406938,C0010054
406938,C0010068
406938,C1458155
406938,C0151744
406938,C0002395
406938,C2239176
406938,C0024121
406938,C0007131
406938,C0017154
406938,C0011854
406938,C0206042
406938,C0264694
406938,C0001956
406938,C0007095
406940,C0018802
406940,C0018801
406940,C0019163
406940,C0022660
406940,C4277682
406940,C0030305
406940,C0023903
406940,C1565662
406940,C2609414
406942,C0018802
406942,C0018801
406942,C0009319
406942,C0032285
406942,C0015695
406942,C0030305
406942,C0015696
406942,C0079680
406942,C0013369
406942,C4277682
406943,C1458155
406943,C0038356
406943,C0476089
406943,C0024623
406943,C0009404
406943,C0009402
406943,C0153422
406943,C0206687
406943,C0346629
406943,C0153421
406943,C0153423
406943,C2609414
406943,C1565662
406943,C0022660
406943,C4277682
406946,C0007131
406946,C0024121
406946,C0007095
406946,C0238463
406946,C0015695
406946,C0015696
406946,C0236736
406947,C0024121
406947,C0013080
406947,C2239176
406947,C0011854
406947,C0030305
406947,C0001925
406947,C0920269
406947,C0338106
406947,C0007095
406947,C0153388
406947,C0153390
406947,C0153382
406947,C0153389
406947,C0027626
406949,C0018801
406949,C0018802
406952,C0015695
406952,C0018802
406952,C0018801
406952,C0036341
406952,C0677886
406952,C4277682
406952,C0015696
406952,C0023891
406953,C0018802
406953,C0018801
406953,C0035222
406953,C4277682
406953,C0038325
406955,C1510586
406957,C0030567
406957,C0030305
406957,C0027055
406957,C0011860
406957,C4277682
406959,C0270611
406959,C0018781
406959,C0027055
406959,C0030305
406959,C0015695
406959,C0015408
406959,C0015696
406959,C0035309
406960,C3280392
406960,C0009691
406960,C0028754
406960,C0024437
406961,C0036341
406961,C0008370
406962,C0005695
406962,C0005684
406962,C0027055
406962,C0236736
406962,C0027626
406962,C0018781
406964,C4277682
406964,C0027055
406965,C0019163
406965,C0008370
406966,C0022658
406966,C0027626
406966,C0018802
406966,C4277682
406966,C0018801
406967,C0011860
406967,C0022658
406967,C0022660
406967,C2609414
406967,C0019163
406967,C4277682
406967,C0019209
406967,C1565662
406967,C0027540
406967,C0030305
406968,C2239176
406968,C0024121
406968,C0007131
406968,C0034069
406968,C0007102
406968,C0153493
406968,C0024624
406968,C0153491
406968,C0153492
406968,C0007095
406968,C0149782
406968,C4277682
406968,C0027055
406969,C4277682
406970,C0019163
406971,C2239176
406971,C0011860
406971,C0019569
406971,C0018801
406971,C0018802
406973,C2239176
406973,C0024141
406979,C0018802
406979,C0026764
406979,C0018801
406979,C0007120
406979,C4277682
406979,C0035222
406982,C0018801
406982,C0018802
406982,C0162770
406983,C0011860
406983,C0265780
406983,C0030305
406984,C1458155
406984,C2239176
406984,C0027626
406984,C0030305
406985,C1458155
406985,C0034069
406985,C0014170
406985,C0014859
406985,C4277682
406985,C0027626
406985,C0265780
406985,C0030305
406985,C0018781
406986,C0687132
406986,C0560219
406987,C0011860
406987,C0020542
406987,C0019163
406987,C4225233
406987,C0027746
406987,C5567488
406988,C1458155
406988,C0007137
406988,C0007131
406988,C0011860
406988,C0007138
406988,C0751688
406988,C0334265
406989,C0002736
406989,C0038356
406989,C0024623
406989,C1458155
406989,C0019569
406989,C0036341
406989,C0005586
406989,C0853193
406989,C0153421
406989,C0153423
406989,C0153422
406989,C0027055
406990,C0876994
406990,C0027796
406991,C0024121
406991,C0028754
406991,C0021368
406991,C0016059
406991,C0033578
406991,C0018802
406991,C0014859
406991,C0018801
406991,C0022658
406991,C0018799
406991,C0014175
406991,C0018800
406991,C0027055
406991,C0920269
406991,C4277682
406991,C0027626
406991,C0043094
406992,C0018802
406992,C0018801
406992,C0035222
406992,C4277682
406994,C2239176
406994,C0005586
406994,C0236736
406996,C1458155
406996,C0011860
406996,C0002736
406996,C0030305
406998,C0030305
406999,C0021368
406999,C0016059
406999,C0279626
406999,C0030305
406999,C0027626
406999,C4277682
407001,C0024117
407001,C0040336
407002,C0015696
407002,C0015695
407002,C0409959
407003,C0036341
407004,C0021368
407004,C0079773
407004,C0376407
407004,C0030305
407004,C4277682
407006,C2239176
407006,C1458155
407006,C0238198
407006,C0005695
407006,C0585362
407006,C0011860
407006,C0005684
407006,C0029531
407006,C4277682
407007,C1458155
407007,C0009404
407007,C0024121
407007,C0238198
407007,C0585362
407007,C0011860
407007,C0346629
407007,C0153493
407007,C0153491
407007,C0153492
407007,C0242339
407007,C1168401
407007,C0040411
407007,C0024624
407007,C0007095
407007,C4277682
407008,C0009375
407008,C0007131
407009,C0024121
407009,C0007095
407010,C0002736
407010,C0018801
407010,C0018802
407010,C1565662
407010,C0004352
407010,C2609414
407010,C0022660
407010,C4277682
407011,C2239176
407011,C0677886
407011,C4277682
407011,C0027055
407011,C0280725
407011,C0206698
407013,C1458155
407014,C0022660
407014,C2609414
407014,C1565662
407015,C0022660
407015,C1565662
407015,C2609414
407015,C0342257
407015,C0035222
407017,C0009404
407017,C0034069
407017,C0018802
407017,C0018801
407018,C0011860
407018,C2239176
407018,C0005695
407018,C0005684
407018,C0027055
407018,C0026764
407018,C0030305
407019,C0038356
407019,C0024623
407019,C0153422
407019,C0153421
407019,C0153423
407019,C0030305
407019,C0027055
407019,C0008370
407019,C4277682
407020,C0019163
407020,C0027055
407021,C1458155
407021,C0007131
407021,C0023903
407021,C0022658
407021,C0030305
407022,C0002395
407022,C0027055
407023,C0238463
407024,C0007131
407025,C4277682
407027,C1458155
407027,C0007131
407027,C4277682
407027,C0018801
407027,C0018802
407029,C0024121
407029,C0034069
407029,C0022660
407029,C2609414
407029,C0011860
407029,C0035222
407029,C1565662
407029,C4277682
407029,C0007095
407029,C0030305
407030,C0035222
407030,C0018801
407030,C0004238
407030,C4277682
407030,C0023890
407030,C0030305
407030,C0018802
407031,C0007131
407031,C0021368
407031,C0027051
407031,C0023890
407031,C0027055
407031,C4277682
407032,C0023890
407033,C2609414
407033,C0022660
407033,C0016059
407033,C0022658
407033,C0018781
407033,C1565662
407034,C0036341
407034,C1269683
407034,C0041696
407034,C0221002
407034,C0271846
407034,C0022658
407034,C0016059
407034,C0018781
407035,C0024121
407035,C0009404
407035,C0346629
407035,C0153392
407035,C0153396
407035,C0030305
407035,C0153395
407035,C0238301
407035,C0153393
407035,C0153394
407036,C0278752
407036,C0392400
407036,C1332338
407036,C0345967
407037,C0026764
407037,C0015695
407037,C0015696
407037,C4277682
407040,C0021368
407040,C0028754
407040,C2239176
407040,C0003469
407040,C0018799
407040,C0015695
407040,C0271650
407040,C0015696
407040,C4277682
407041,C0024121
407041,C0005695
407041,C0334265
407041,C0007095
407041,C0005684
407041,C0007138
407042,C0024121
407042,C0027055
407042,C0007095
407042,C4277682
407048,C0026764
407050,C0018801
407050,C0009404
407050,C0018802
407050,C0005695
407050,C0005684
407050,C0029463
407050,C4277682
407050,C0206639
407050,C0023891
407051,C0149782
407053,C3888123
407053,C1384666
407053,C0035309
407053,C0041671
407053,C0452138
407053,C3711374
407053,C0018801
407053,C0018802
407053,C5779548
407053,C0015408
407054,C0009375
407054,C0024121
407054,C0011860
407054,C0677886
407054,C0018802
407054,C0014859
407054,C0018801
407055,C0013080
407055,C0005695
407055,C0005684
407055,C0019163
407055,C0022660
407055,C4277682
407055,C0007138
407055,C2609414
407055,C0035222
407055,C1565662
407055,C0008370
407055,C0334265
407056,C0242488
407056,C0018802
407056,C0018801
407056,C0018781
407975,C3280489
407977,C0009447
414152,C0271097
414152,C0344290
414152,C1568247
414152,C0266589
414152,C1846647
414152,C0025281
414152,C1832845
414152,C5680250
414152,C0854723
414152,C1832394
414152,C1384666
414152,C3711374
414152,C4539685
414152,C5779620
414236,C1866423
414236,C1834153
414236,C3888239
414245,C4540031
414245,C1864843
414301,C0025322
431705,C5562033
440073,C1276035
440073,C5779613
440138,C3150913
440138,C0282577
440138,C0032273
440138,C0019202
440193,C4518336
440193,C0020255
440193,C0020256
440193,C0087012
440193,C4546092
440193,C3887608
440193,C1849156
440275,C0034091
440275,C0340548
440275,C3887658
440275,C2973725
440275,C0020542
440275,C0340543
440275,C3698354
440275,C0340848
440275,C0002514
440275,C0026848
440275,C2200127
440275,C0018500
440275,C0041806
440279,C0002395
440279,C2674737
440279,C4025871
440279,C0009081
440279,C3887499
440279,C1834931
440435,C0339535
440435,C3281215
440435,C1306122
440435,C0854723
440435,C0949804
440435,C0035334
440584,C1832855
440584,C1847501
440584,C0013421
440584,C4551966
440689,C2938915
440689,C4016211
440823,C0027051
440823,C1832662
440836,C0032460
440854,C0341106
440854,C0002736
441094,C1842581
441094,C1858120
441094,C1837658
441094,C1854301
441094,C0557874
441094,C0020505
441094,C4024960
441094,C4022738
441094,C3810363
441094,C0015310
441094,C0036572
441094,C0266464
441094,C0266491
441094,C3887898
441094,C0948163
441151,C0032460
441478,C0006118
442038,C1510586
442038,C4277682
442186,C3554456
442721,C0349204
442721,C0033975
442721,C0036341
442721,C5676995
442721,C5679590
442891,C0027796
442891,C0035222
442892,C0035126
442892,C0236736
442892,C0015695
442892,C0015696
442893,C0018801
442893,C0018802
442893,C0011860
442893,C0022660
442893,C2609414
442893,C1565662
442896,C2239176
442896,C3554439
442897,C0238463
442898,C0236736
442900,C0034069
442900,C0036341
442900,C0018801
442900,C0018802
442901,C0029463
442901,C0036341
442901,C0206639
442901,C4277682
442902,C0027055
442903,C0027055
442903,C0018781
442905,C0238463
442905,C4277682
442905,C0027055
442905,C2350242
442905,C0008370
442905,C0035222
442905,C0236736
442907,C0018781
442907,C0011860
442908,C0025202
442908,C0020507
442909,C1458155
442909,C0018802
442909,C4277682
442909,C0018801
442910,C0001430
442910,C4277682
442910,C0007120
442910,C1458155
442910,C0034069
442910,C0334389
442910,C0023890
442911,C0036341
442911,C0009404
442911,C0007131
442911,C0035222
442911,C0027626
442911,C0027055
442912,C3554439
442915,C0024121
442915,C0238463
442915,C0007095
442920,C0027055
445815,C0043094
445815,C0376358
448834,C0376358
474170,C0266295
474170,C1838703
474170,C5774274
474170,C3536714
474170,C0751778
474170,C4012268
474170,C1561643
474170,C1834931
474170,C5543446
474170,C5190805
474344,C0398686
493753,C4225154
493753,C4273730
493753,C5399977
493856,C1858028
493856,C0043207
493856,C0011860
494323,C0027055
494323,C0008370
494323,C0018801
494323,C0018802
494323,C4277682
494323,C0030305
494324,C0011860
494324,C0030305
494324,C0002395
494324,C0027055
494326,C0011860
494326,C0008370
494326,C0238463
494330,C0007131
494330,C0018781
494330,C0238463
494331,C0001973
494331,C0036341
494335,C0010054
494335,C0011860
494335,C0279626
494335,C0010068
494335,C0027051
494335,C0264694
494335,C0151744
494335,C4277682
494335,C0023891
494336,C0002736
494336,C0001925
494337,C0001430
494337,C0334389
494337,C0034069
494513,C1857744
494513,C3711374
494513,C0011053
494513,C1384666
494513,C1846647
494513,C0452138
494513,C0266589
494513,C5779549
494513,C5680250
494514,C0238198
494551,C1335167
494551,C5567489
494551,C0278701
497258,C0028754
497258,C1275808
503834,C0349588
541472,C3837968
541472,C0036220
541472,C2675113
541472,C3837967
542767,C4310661
553103,C1853438
553103,C0342788
554210,C1458155
554210,C0030305
554210,C0027055
554210,C0018781
554210,C0265780
554250,C1862103
554250,C3809104
554250,C1856738
554250,C1832708
554250,C0265260
554250,C0221357
554250,C4759728
554250,C1832702
554250,C2930970
554250,C3554446
574032,C0018802
574032,C0018801
574032,C0030305
574032,C0027055
574034,C0027055
574034,C0238463
574038,C0238463
574411,C0034069
574411,C0027055
574413,C0011860
574413,C0024121
574413,C0238463
574413,C0007095
574413,C0018801
574413,C0018802
574433,C0238463
574434,C0024121
574434,C0015695
574434,C0238463
574434,C0015696
574434,C0007095
574434,C4277682
574441,C0236736
574442,C1458155
574443,C0034069
574447,C2609414
574447,C0022660
574447,C0010068
574447,C0010054
574447,C0027643
574447,C0151744
574447,C0018781
574447,C1565662
574447,C0264694
574451,C2239176
574451,C0036341
574451,C0152013
574451,C1335060
574452,C0005695
574452,C0005684
574452,C0029463
574452,C0206698
574452,C0024121
574452,C1335302
574452,C0238463
574452,C0007095
574452,C0280725
574452,C0018801
574452,C1168401
574452,C0206639
574452,C0018802
574454,C0238463
574455,C0019163
574455,C0005684
574455,C0005695
574455,C0023891
574455,C0018802
574455,C4277682
574455,C0018801
574456,C0040136
574456,C0036341
574456,C0149782
574456,C0027626
574456,C0334389
574456,C0007120
574456,C0001430
574456,C0011882
574456,C4277682
574457,C0030305
574501,C4277682
574504,C0334389
574504,C0001430
574504,C0236736
574504,C0027055
574506,C0015695
574506,C4277682
574506,C0027055
574506,C0015696
574506,C0023890
594857,C0003469
594857,C0036341
594857,C0001973
594857,C0011581
594857,C0011570
594857,C3887506
594857,C0236736
613212,C0036341
619465,C0036341
619553,C0007131
619553,C4277682
619553,C1332338
619553,C0023891
619553,C0278752
619553,C0266463
619553,C0018802
619553,C0018801
619553,C0345967
619553,C0392400
619553,C3151461
619554,C1510586
619554,C0022660
619554,C1565662
619554,C2609414
619556,C2239176
619556,C0002736
619556,C4277682
619556,C0019163
641339,C3501611
641371,C0019209
641371,C1858120
641371,C0023903
641372,C0036341
641518,C1851849
641518,C1835244
641654,C1858854
642475,C5680181
642636,C4021107
642797,C5561978
642987,C0004352
643226,C3892049
643226,C0452138
643226,C5779549
643226,C3711374
643226,C1846647
643418,C3553029
643418,C0079154
643641,C0016049
643749,C5574816
643749,C3714992
643749,C3279754
643853,C0268271
643853,C0085131
643853,C0086652
643853,C0026707
643853,C0268273
643853,C0268272
644096,C1855008
644096,C0023264
644096,C5436933
644096,C5700310
644096,C0011263
644096,C0011269
644248,C0030567
644990,C2937288
644990,C2940786
645104,C5436937
645104,C1846647
645104,C0452138
645104,C5779549
646658,C3179455
646799,C2675520
646799,C0677776
646960,C0026010
646960,C0027092
646960,C4274282
646960,C3150757
646960,C0017605
646960,C5679828
646960,C0158543
653275,C3178805
653275,C0039685
653275,C1844020
653275,C1853444
653275,C1415817
653275,C3151057
653275,C3553676
653361,C0024141
653361,C0018203
653361,C1856251
653361,C0020538
653361,C0175702
653361,C0003873
653361,C1844376
653361,C0011849
653361,C0162871
653361,C1527336
653361,C3151409
653361,C0086981
653361,C0020672
653361,C0085580
653361,C0020443
653361,C1861862
653361,C0022661
653361,C0007766
653509,C0034069
653509,C1800706
653509,C0024115
653509,C0024117
653509,C0206062
653509,C0006287
653509,C0041327
653509,C5562021
653509,C0034063
653509,C0035235
653509,C0020192
653509,C4016689
653509,C5561926
653509,C3150154
653784,C4693660
654433,C0010308
654433,C1869118
654434,C0007131
654780,C4021107
654841,C0018965
654841,C1654921
654841,C1384666
654841,C1567741
654841,C1561643
654841,C0241908
654841,C0022658
654841,C0027726
654841,C0033687
654841,C0403397
654841,C4746547
654841,C4746745
654841,C0265253
654841,C0236038
654841,C0239937
654841,C0473237
654841,C0268731
664613,C0236736
664616,C0024121
664616,C0011860
664616,C0238463
664616,C0007095
664617,C0027055
664617,C0015696
664617,C0015695
677814,C0006111
677814,C0085584
677833,C0001973
678655,C3554540
678655,C3890737
678655,C2711630
678655,C0021051
692157,C0022336
692200,C0036341
692312,C0751362
693121,C0008370
693121,C0238463
693121,C0027055
693124,C0011860
693124,C0018802
693124,C0334265
693124,C0005695
693124,C0027055
693124,C0027626
693124,C4277682
693124,C0005684
693124,C0018801
693124,C0023891
693124,C0007138
693124,C0030305
693124,C0018781
693140,C4540478
693167,C0027055
693177,C4277682
693183,C0027055
693200,C0033578
693200,C0376358
693200,C2239176
693209,C0029463
693209,C0206639
693213,C0011860
693223,C1847902
693235,C0011860
723961,C0011854
723961,C0011860
723961,C0011849
723961,C0004903
723961,C0027708
723961,C0027540
723961,C0220982
723961,C1852092
723961,C0342283
723961,C0853897
723961,C0346629
723961,C0011570
723961,C0020615
723961,C2748055
723961,C0021655
723961,C3150617
723961,C5394307
723961,C2239176
723961,C0158981
723961,C4225307
723961,C0342276
723961,C1833104
723961,C0020456
723961,C3278636
723961,C3888631
723961,C5393125
723961,C1262477
723961,C0428977
723961,C0034933
723961,C0242698
724026,C0238463
724066,C1837454
724102,C3807521
727676,C3281200
727676,C3714506
727677,C2931456
727857,C1836206
727857,C1856789
727857,C1843758
727897,C1800706
727897,C0002390
727897,C0005684
727897,C0005695
727897,C0006271
727897,C4016689
727897,C5561926
727993,C4087347
727993,C1853250
728116,C0009402
728118,C0206630
728215,C0012813
728294,C1833429
728294,C3152055
728294,C2746066
728294,C0036572
728294,C5574940
728294,C0002514
728294,C1855995
728448,C0005586
728458,C3887938
728558,C0557874
728558,C3810289
728558,C4551563
728558,C0266464
728558,C0037773
728597,C1848561
728621,C4748647
728661,C0271183
729082,C0007131
729082,C1140680
729082,C0919267
729082,C1299247
729230,C5203670
729230,C0019693
729230,C0010054
729230,C0400966
729230,C0004096
729230,C0585362
729230,C0010068
729230,C0038220
729230,C0036202
729230,C0362046
729230,C0027051
729230,C0034069
729230,C0018801
729230,C0018802
729230,C0011854
729230,C0023895
729230,C0151744
729230,C0031106
729230,C3241937
729230,C0026691
729230,C0162820
729230,C0032285
729230,C0555214
729230,C0035455
729230,C0264694
729230,C0042166
729230,C0042167
729230,C0152531
729230,C0003872
729230,C0029839
729230,C0041326
729230,C4277682
729230,C1836230
729230,C0020517
729230,C1384901
729238,C1800706
729238,C5561926
729238,C4721509
729238,C0020192
729238,C4721952
729262,C0206630
729262,C0334488
729330,C0042594
729359,C1866139
729582,C1337013
729582,C1333985
729830,C0271183
729911,C0009691
729911,C3280392
729920,C5190987
729920,C0026850
729920,C3553330
729920,C0026848
729920,C0265221
729920,C2936406
729920,C0457133
729920,C0020255
729920,C0015393
729920,C5190847
729920,C3553813
729920,C4284790
729920,C0410174
729920,C2750786
729920,C1836373
729920,C5679911
730100,C0004936
768206,C0035334
768206,C1864621
768206,C0854723
768218,C2239176
768219,C0013080
768222,C0238463
790955,C4015253
790955,C1852372
790955,C3541471
100048912,C0006142
100048912,C0153633
100048912,C0006118
100048912,C0750974
100048912,C0750979
100048912,C1334557
100048912,C3272265
100048912,C0220624
100126297,C0238463
100126309,C0008370
100126314,C4277682
100126315,C0007131
100126315,C2239176
100126315,C0236736
100126316,C3539878
100126316,C0153461
100126316,C0887833
100126318,C0038356
100126318,C0236736
100126318,C0027055
100126319,C0030305
100126326,C0079301
100126333,C0002395
100126333,C0027626
100126343,C0027626
100126346,C0079680
100126346,C0018781
100126351,C5394215
100126356,C0019163
100126572,C0031117
100126572,C1335029
100126793,C4016925
100126793,C2676079
100126793,C0028754
100128054,C0027726
100128054,C1853124
100128054,C0017668
100128191,C0949658
100128191,C0007193
100128191,C2674574
100128560,C0265226
100128560,C4021387
100128560,C0026850
100128560,C0026848
100128560,C4020900
100128560,C0220662
100128560,C0158118
100128560,C0376358
100128560,C0349588
100128560,C0150055
100128560,C0013363
100128560,C1833672
100128560,C5192594
100128560,C0265563
100128560,C0003467
100128560,C4022458
100128560,C2673700
100128560,C1854106
100128560,C0240635
100128560,C0265213
100128560,C0338656
100128560,C1837245
100128640,C3151057
100128927,C4015686
100128927,C0265561
100128927,C0587371
100128927,C0750442
100128927,C2183058
100128927,C0158760
100128927,C0265562
100128927,C0478066
100128927,C1404173
100128927,C1387923
100128977,C0030567
100129250,C0035334
100129427,C1291564
100130275,C0265234
100130311,C4225369
100130311,C0751882
100130311,C4021745
100130311,C4225405
100130311,C2931107
100130311,C0751885
100130311,C4225413
100130311,C1837091
100130311,C3281034
100130311,C4022738
100130311,C0427144
100130890,C5193139
100130890,C0349588
100130894,C4310743
100131047,C0239998
100131047,C3806482
100131047,C0008780
100131047,C4551766
100131047,C5436799
100131234,C1879321
100131801,C0023264
100131801,C5436695
100131801,C5435656
100131801,C4025276
100131814,C0036341
100131827,C0376358
100131827,C1527349
100131897,C4225328
100132116,C3151201
100132116,C2673186
100132116,C0026654
100132116,C3279690
100132116,C0856750
100132116,C4707243
100132116,C3279191
100132163,C3694531
100132163,C2748941
100132529,C0268487
100132529,C1879362
100132529,C4551563
100132891,C3808667
100133941,C0026769
100133941,C0030297
100133941,C0153459
100133941,C0153458
100133941,C0153460
100133941,C0153463
100133991,C5680065
100134444,C0268446
100134444,C2750473
100134934,C1849678
100137049,C0036341
100137049,C1535926
100144748,C0018553
100144748,C3554517
100144748,C0036572
100144748,C1854416
100144748,C1848599
100144748,C0346153
100144748,C2751642
100144748,C0027672
100144748,C1959582
100144748,C3551915
100144748,C0376358
100151683,C0796021
100151683,C1846059
100151683,C1859452
100151683,C4319565
100151683,C4551563
100151683,C3714756
100151683,C0349588
100151683,C2745959
100151683,C0010278
100151683,C0878544
100151683,C4022738
100188847,C0022680
100188847,C3149841
100188954,C5193082
100287098,C0557874
100287098,C1300260
100287362,C1458155
100287616,C4016255
100287722,C0003873
100287722,C4021085
100287722,C3279738
100287722,C3714756
100287722,C3862275
100287722,C0037773
100287722,C0037772
100287722,C0497552
100287765,C1845285
100288152,C5441928
100288332,C0221060
100288687,C0238288
100288687,C0023449
100288687,C0862030
100288687,C1335469
100289061,C0010278
100289061,C1851286
100289061,C1863678
100289061,C3541474
100289061,C0013581
100289061,C1644196
100289178,C5562037
100289255,C0009404
100294362,C0026654
100294362,C1956346
100294362,C0007282
100294362,C1846689
100294362,C0016522
100294362,C0038454
100294362,C4476553
100294362,C1504568
100302149,C0011860
100302149,C4277682
100302197,C0011860
100302197,C4277682
100302203,C0919267
100302203,C1140680
100302203,C1299247
100302259,C0041696
100302259,C1269683
100302690,C0036341
100302690,C0809983
100303453,C0005586
100303453,C0041696
100303453,C0036341
100303453,C1269683
100303453,C0525045
100303453,C0220702
100303453,C1858050
100303491,C0018802
100303491,C0018801
100303755,C5436723
100303755,C0023264
100303755,C5779825
100313838,C0023890
100313838,C4277682
100313843,C0079294
100313843,C2673612
100313892,C0242698
100313892,C0027051
100313923,C0015696
100313923,C0015695
100379251,C2677294
100379251,C0011269
100379251,C3810401
100422894,C0079683
100422910,C0029456
100422910,C3150680
100423031,C1849930
100423031,C3897939
100499483,C0032273
100499483,C1527349
100505475,C2751807
100505475,C1853116
100505475,C5193121
100505518,C1846647
100505518,C3266898
100505518,C1838099
100505518,C1838564
100505518,C1384666
100505518,C1848519
100505518,C0345240
100505518,C0019569
100505518,C5680250
100505746,C0398738
100505881,C4539896
100506025,C5190987
100506025,C3553330
100506025,C3553813
100506134,C0027726
100506134,C0265275
100506134,C1865872
100506134,C3151186
100506134,C2936863
100506134,C0403553
100506134,C3151185
100506134,C0854723
100506134,C0403399
100506134,C4551568
100506134,C0009782
100506134,C0687120
100506237,C0393584
100506237,C1970269
100506392,C4015186
100506392,C4016683
100506462,C4317224
100506462,C0282577
100506462,C2675185
100506462,C1858120
100506462,C0497552
100506462,C0239234
100506462,C0018916
100506495,C0796176
100506542,C2960310
100506658,C2931662
100506658,C1458155
100506658,C2677180
100506658,C4552078
100506658,C0557874
100506658,C0022660
100506658,C0035309
100506658,C0156147
100506658,C0038002
100506658,C0270685
100506658,C2609414
100506658,C1565662
100506658,C0002103
100506658,C0019156
100506658,C0085580
100506742,C0011854
100506742,C0027055
100506826,C0009782
100506826,C3151077
100506826,C4707243
100506826,C5542316
100506866,C0878544
100506866,C0004238
100506866,C0007193
100506866,C3277184
100506866,C0026827
100506866,C1862511
100506866,C0175709
100506866,C1839832
100506866,C0497202
100506866,C1856694
100506866,C0856863
100506866,C0427065
100506866,C1858763
100506866,C1837342
100506866,C5680527
100506866,C0026848
100506866,C0026267
100506866,C4015465
100506866,C1842552
100506866,C0151517
100506866,C1839630
100506866,C1837835
100506866,C0023976
100506866,C1858127
100506866,C1960469
100506866,C0007789
100506866,C4024201
100506866,C0340429
100506866,C0036439
100506866,C0043202
100506866,C0454644
100506866,C0149721
100506866,C1836767
100506866,C1836296
100506866,C1838244
100506866,C1837658
100506866,C0007196
100506866,C0027868
100506866,C0270960
100506866,C0340427
100506866,C4021745
100506866,C4531194
100506866,C0038644
100506866,C0042514
100506866,C1836118
100506866,C1449563
100506866,C0686353
100506866,C0026850
100506866,C4021133
100506866,C4022738
100506866,C0151636
100506866,C2673677
100506866,C1853932
100506866,C0018808
100506866,C0042510
100506866,C0427144
100506866,C1720824
100506866,C0231712
100506866,C0234182
100506866,C2678055
100506866,C1858120
100506866,C1858025
100506866,C0007194
100506866,C1863599
100506866,C1861065
100506866,C3277226
100506866,C0264886
100506866,C0270962
100506866,C0699743
100506866,C4022792
100506866,C0949658
100506866,C1142166
100506866,C0349788
100506866,C1272241
100506866,C0037822
100506866,C1834481
100506866,C1836906
100507034,C1849096
100507098,C0011884
100507098,C0687120
100507118,C0678222
100507118,C0346153
100507135,C0393559
100507308,C3711374
100507308,C0007193
100507308,C1832476
100507308,C1384666
100507308,C1854368
100507347,C3805411
100507347,C0009691
100507401,C3280402
100507401,C1859309
100507401,C4225377
100507404,C3550875
100507436,C2239176
100507436,C0029172
100507436,C0010051
100507436,C0029171
100507463,C1858266
100507500,C0005684
100507500,C0007137
100507500,C0152013
100507500,C1168401
100507500,C0007131
100507500,C4015130
100507500,C1333600
100507500,C0149782
100507500,C0027672
100507500,C0242379
100507500,C4016033
100507500,C0152018
100507500,C0684249
100507530,C1855081
100507530,C2677180
100507530,C3711387
100507530,C3714756
100526693,C5774262
100526760,C1835922
100526783,C0036572
100526794,C3714756
100526794,C0740279
100526825,C0376358
100526833,C0005129
100526833,C2751260
100526833,C0040034
100526833,C1856447
100526833,C1458140
100526833,C4016131
100526833,C1096367
100526835,C1832931
100526835,C4015285
100526835,C0007193
100526836,C5436936
100526836,C0079504
100528016,C0810364
100528016,C4540127
100528016,C0497552
100528016,C5231480
100528020,C0008780
100528020,C3542550
100528021,C5193057
100528030,C4014856
100528030,C0036346
100528062,C3714756
100528062,C4746975
100528064,C0376358
100529063,C0270952
100529097,C0002986
100529097,C0878544
100529097,C1535926
100529097,C3495498
100529097,C0027726
100529097,C1970820
100529097,C4022738
100529097,C0038273
100529097,C0038454
100529097,C0949658
100529097,C4310814
100529097,C0424503
100529097,C0007194
100529144,C0023462
100529144,C1334655
100529144,C2750075
100529145,C1849678
100529211,C0036069
100529239,C2750081
100529239,C1260899
100529257,C5543491
100532724,C0022680
100532724,C0752166
100532724,C4310700
100532724,C0431718
100532724,C0730379
100532724,C0022658
100532724,C4310699
100532724,C0393706
100532724,C5679612
100532724,C2673885
100532724,C0265215
100532724,C0687120
100532724,C3715199
100532724,C1858392
100532724,C2931788
100532724,C0542518
100532724,C0339527
100532732,C4021107
100532732,C5816691
100532732,C5677010
100532732,C4479510
100532732,C0004509
100533107,C4551974
100533107,C3808802
100533107,C4727832
100533107,C5561926
100533107,C0023467
100533107,C3554656
100533107,C3553617
100533107,C0850715
100533107,C0021051
100533107,C0034069
100533107,C0265965
100533107,C1148551
100533107,C4225346
100533107,C4551563
100533181,C1835171
100533467,C0268141
100533467,C0728829
100533467,C4304411
100533467,C1842581
100533467,C0152025
100533467,C1851443
100533467,C0043346
100533467,C2051831
100533467,C0037772
100533467,C0013362
100533467,C0338656
100533467,C0206624
100533467,C1140680
100533467,C1968561
100533467,C0027672
100533467,C0740279
100533483,C3809641
100533483,C1851967
100533483,C5231418
100533483,C0008780
100533970,C2931187
100533970,C0340427
100533970,C2931013
100533990,C1720779
100534593,C1864100
100534593,C1449842
100534595,C0023787
100534595,C0678222
100534595,C0031117
100534595,C4024448
100534595,C0270914
100534595,C3888631
100534595,C4023354
100534595,C0037773
100534595,C5436838
100534595,C5399969
100534595,C5139433
100534595,C1720863
100534595,C0221032
100534595,C4021419
100534595,C2931276
100534595,C0745133
100534595,C4014700
100534595,C0007959
100534595,C1843386
100534595,C1720861
100534611,C4479416
100534612,C1838979
100534612,C3280428
100534612,C1849156
100534612,C0036572
100534612,C1858328
100616173,C0023890
100616173,C4277682
100616211,C3179455
100616247,C4277682
100616452,C0005586
100616452,C0036341
100616454,C0265280
100616454,C1838492
100616454,C0751335
100616454,C0432227
100616454,C0265281
100616454,C1853710
100616496,C0036341
100616496,C0036337
100616530,C4085590
100616530,C0854723
100616530,C0035334
100616530,C4319932
100616530,C3281045
100652759,C0014550
100652759,C5190799
100652759,C1843851
100652759,C0751778
100652770,C0264886
100652770,C0023976
100652770,C0878544
100652770,C0018790
100652770,C0085298
100652770,C0949658
100652770,C0042510
100652770,C1857777
100652770,C0007193
100652770,C0349788
100652770,C0340427
100652770,C1449563
100652770,C2752072
100820829,C0007193
100820829,C0409667
100820829,C0157916
100820829,C0157917
100820829,C0157918
100861548,C1970035
100861548,C1853833
100861548,C0282577
100861548,C3160718
100861548,C0030567
100862704,C0035335
100873065,C0733682
100873065,C0023222
100873065,C5574706
100873065,C0342642
100873065,C1704375
100873065,C3536983
100873065,C0027726
100874002,C0342792
100874058,C5435656
100874058,C0023264
100874095,C2675517
100874222,C5543478
100874366,C3554127
100885778,C3809454
100885778,C4225398
100996266,C1970243
100996266,C1336839
100996295,C0349588
100996295,C5231438
100996301,C1842979
100996307,C4014869
100996348,C4022738
100996348,C0345407
100996485,C0009081
100996492,C0025160
100996717,C1863843
100996717,C1834014
100996717,C5561956
100996717,C5394329
100996939,C0751651
100996939,C4225201
101060226,C0022578
101060691,C5231436
101101692,C0162739
101180976,C0019196
101180976,C0023890
101180976,C3241937
101180976,C0400966
101180976,C3494187
101180976,C0001175
101180976,C0010403
101730217,C1838348
101730217,C3714756
101730217,C0010278
101730217,C0796179
101730217,C0376358
101730217,C2936904
101867536,C2931456
101926895,C0376358
101927027,C2677567
101927117,C4016020
101927117,C1510586
101927134,C0232939
101927142,C4021107
101927167,C3279664
101927256,C0004096
101927256,C0029453
101927256,C4551967
101927256,C3554686
101927256,C0038002
101927256,C4539957
101927275,C4748760
101927275,C1838979
101927631,C0282577
101927631,C1837396
101927640,C3495498
101927640,C3808935
101927698,C1864850
101927698,C0878544
101927698,C0349788
101927700,C0232939
101927718,C1842839
101927718,C3809719
101927718,C2931122
101927750,C0403554
101927761,C0027672
101927761,C1140680
101927761,C2751318
101927761,C0346153
101927761,C0677776
101927761,C0025322
101927813,C3469522
101927895,C0557874
101927895,C0740279
101927895,C0854723
101927895,C1968949
101927895,C4225172
101927895,C4551563
101927990,C3809536
101927990,C1631597
101928098,C5436646
101928098,C5436652
101928098,C4015596
101928103,C0020758
101928103,C0598226
101928103,C1832550
101928103,C0079583
101928290,C3553270
101928290,C2939175
101928376,C0004943
101928583,C0854723
101928583,C3810380
101928650,C0432255
101928694,C2675071
101928784,C3714756
101928784,C1535926
101928784,C4748041
101929147,C5676913
101929147,C4540192
101929163,C2676468
101929231,C1848552
101929328,C0036572
101929328,C5574945
101929328,C3714756
101929328,C4539985
101929328,C5231421
101929328,C5231479
101929335,C0687120
101929591,C0854723
101929639,C2931009
101929680,C0014805
101929680,C4023691
101929680,C4022749
101929680,C0036572
101929680,C4551563
101929680,C2751778
101929680,C1833661
101929680,C1852577
101929680,C0557874
101929680,C4012054
101929680,C4316903
101929680,C2752089
101929680,C3276706
101929680,C1867971
101929680,C0007959
101929680,C0393706
101929680,C0020615
101929680,C0376532
101929680,C1855739
101929680,C0002768
101929680,C3502809
101929680,C0751122
101929680,C0344307
101929726,C5677012
101929726,C1850746
101929726,C5676876
101929746,C4748969
101930010,C3539003
101930114,C3553382
102060414,C3150275
102060414,C3809653
102191832,C1535926
102465534,C0020445
102465534,C0020443
102465534,C0745103
102465534,C0342881
102466271,C1300260
102466723,C5193147
102723356,C1857781
102723356,C4015129
102723356,C0013069
102723356,C0039685
102723377,C0271097
102723377,C0854723
102723377,C0035334
102723377,C1568247
102723377,C4539685
102723377,C3276419
102723377,C5680250
102723377,C1832394
102723377,C1832845
102724297,C1836230
102724297,C1835407
102724297,C4017844
102724297,C1835867
102724297,C4016730
102724297,C2675864
102724297,C1836031
102724428,C0376532
102800317,C3463992
103021164,C2931456
103021165,C2931456
103091864,C0341306
103752587,C0265345
104326055,C0268389
104326055,C0342898
104326055,C5231558
104326055,C5677030
104326055,C1561643
104326055,C5551172
104326055,C4015843
104326055,C2752008
104326055,C4551500
104326055,C0039292
104472715,C0162635
104472715,C3714756
104472715,C0036572
104472715,C1535926
104472715,C1842581
104472715,C1848207
104472715,C0151611
104472715,C0543888
104472715,C0557874
104472715,C0454641
104472715,C0424605
104472715,C0004352
104472715,C0008073
104472715,C1510586
104472848,C1849157
104472848,C1535926
104564225,C0205700
104564225,C0007196
104564225,C0546264
104564225,C4021745
104564225,C0427065
104564225,C3495498
104564225,C0004239
104564225,C1850709
104564225,C4274968
104564225,C4552004
104564225,C0085614
104564225,C5680832
104564225,C1834481
104564225,C4021133
104564225,C0340427
104564225,C0264886
104564225,C0026848
104564225,C0004238
104564225,C0878544
104564225,C4531288
104564225,C0039231
104564225,C0043202
104564225,C1449563
104564225,C0007193
104564225,C2931268
104564225,C0520806
104564225,C1842160
104564225,C0949658
104564225,C0349788
104564225,C0007194
105221694,C4016733
105259599,C0004903
105369942,C4551563
105369942,C1837475
105370526,C0376358
105370526,C0014084
105370966,C3150909
105371045,C4275062
105371045,C5231449
105371260,C4021085
105371260,C1850049
105371260,C0175703
105371260,C0557874
105372779,C4049714
105373885,C0557874
105373885,C4317146
105373885,C4706563
105373885,C4014814
105373885,C0410204
105375606,C1531773
105376162,C0033804
105376162,C0268296
105376580,C0878544
105376580,C0007193
105376580,C2677491
105376580,C0007194
105376580,C1843808
105377105,C0175778
105377105,C1848934
105377105,C3668942
105378803,C4015285
105378991,C3553298
105378991,C0751039
105378991,C0009207
105379054,C0854723
105379054,C0376358
105379054,C1840452
105379054,C0344290
105616981,C0376358
105943586,C5436682
105943586,C0023264
105943586,C5435656
106479784,C2931456
106736613,C0019569
106736613,C3888239
106821730,C1850343
106821730,C4551563
106821730,C0022578
106821730,C0346629
106821730,C1864389
107080638,C2243051
107080638,C3806412
107080638,C4749023
107985578,C0018203
107985578,C3151409
107985781,C4748403
107986809,C0003499
107986809,C0175702
107986809,C3276539
108281177,C0008073
108281177,C0003076
108281177,C1859774
108281177,C1859773
108281177,C0002453
108281177,C0003119
108281177,C0338503
109286563,C1876174
109286563,C1858067
109286563,C1859648
109286563,C5562026
109729182,C0027126
109729182,C3250443
109729182,C1970479
109864269,C4021085
109864269,C3554439
110386951,C1960539
110408762,C0001627
110408762,C0268285
110599580,C1533041
110599580,C0344559
110599590,C0343047
110599590,C3810402
110673971,C1852324
110673972,C0268292
110673972,C3838731
110806262,C0004930
110806262,C4016375
110806263,C0005684
110806263,C2239176
110806263,C1800706
110806263,C0023467
110806263,C3151443
110806263,C4551974
110806263,C1840169
110806263,C0008707
110806263,C0265965
110806263,C3553617
110806263,C5441745
110806263,C0027672
110806263,C0002874
110806263,C3554574
110806263,C5561926
110806263,C1835047
111064646,C0949658
111064646,C2678476
111365141,C2720293
111589215,C0006142
111589215,C0677776
111589215,C2676676
111589215,C0346153
111589215,C0027672
111674463,C0010674
111674463,C0238339
112577518,C5561926
112694756,C0272066
113664106,C2749757
113664106,C0403814
113664106,C0238339
113664106,C0010674
115072896,C0220991
115253422,C3150876
115253422,C0282577
